index,Unnamed: 0,age,num_children,gender,reported_height,reported_weight,reported_pants_size_waist,reported_pants_size_inseam,bra_size_chest,bra_size_cup,age_range,shoe_size_us,ankle_circum,spine_to_scye_len,spine_to_elbow_len,arm_len_spine_wrist,arm_len_shoulder_wrist,arm_len_shoulder_elbow,scye_circum,chest_circum,chest_circum_below_bust,chest_circum_scye,jean_inseam,hand_len,hip_circum,hip_height,neck_circum_base,bideltoid_breadth,height,thigh_circum_proximal,u_crotch,waist_circum_preferred,waist_height_preferred,weight,biacromial_breadth,bicristal_breadth,bust_to_bust,cervical_height,chest_height,interscye_dist,acromion_height,acromion_radial_len,ankle_height_inside,ankle_height_outside,axilla_height,elbow_height,knee_height,radial_stylion_len,sleeve_inseam,sleeve_outseam,acromion_radial_stylion_len,shoulder_len,dataset
73,11001.0,39.0,2.0,female,68.11,132.28,29.0,31.0,36.0,1.0,36-45,6.5,8.94,7.36,21.46,31.1,23.74,14.09,15.75,35.59,31.22,33.23,31.46,7.13,39.37,32.05,17.48,15.98,67.83,22.24,25.31,28.5,41.46,134.26,14.15,11.06,7.1,57.75,48.49,14.62,56.065,13.165,3.435,2.7,52.185,43.81,17.655,9.4,18.58,22.23,22.565,7.36,caesar
89,11035.0,38.0,1.0,female,68.9,136.69,29.0,33.0,34.0,0.0,36-45,8.5,9.49,7.87,21.46,32.28,24.41,13.58,14.33,36.42,31.1,36.38,34.02,7.52,37.72,34.65,17.13,16.77,68.7,21.18,25.51,28.43,43.43,135.8,15.56,10.95,7.33,57.54,50.9,15.55,56.29,12.815,3.125,2.465,52.635,43.77,18.87,10.285,19.005,22.325,23.1,7.87,caesar
93,11042.0,57.0,0.0,female,66.14,138.89,28.0,30.0,36.0,1.0,56-65,8.5,9.84,7.87,20.83,30.98,23.11,12.95,16.14,35.43,31.1,34.29,31.06,7.09,37.87,31.3,15.75,16.46,66.38,22.6,26.57,29.13,41.77,138.89,15.33,12.49,7.47,56.74,46.62,15.04,53.925,11.95,2.995,2.675,49.99,42.465,18.145,9.075,16.695,20.43,21.025,7.87,caesar
99,11054.0,37.0,0.0,female,68.9,169.76,33.0,32.0,38.0,3.0,36-45,8.5,9.37,7.87,21.3,31.42,23.54,13.43,17.8,43.27,34.69,39.84,31.46,6.97,41.3,33.27,19.02,17.05,68.46,24.8,28.23,35.16,41.93,178.13,15.0,13.03,8.59,57.91,47.05,15.46,56.725,12.59,3.08,2.81,51.21,44.78,18.085,9.225,16.13,21.5,21.815,7.88,caesar
116,11096.0,24.0,0.0,female,67.72,156.53,33.0,30.0,36.0,1.0,17-25,8.5,9.49,8.39,21.61,31.22,22.83,13.23,16.18,37.01,31.42,36.65,31.81,7.4,42.72,32.44,18.86,18.5,68.39,25.0,29.33,33.15,40.83,160.72,14.77,12.1,8.35,58.38,48.8,15.65,56.44,12.79,3.07,2.695,51.575,44.29,17.95,9.615,17.58,21.62,22.405,8.39,caesar
117,11098.0,31.0,0.0,female,67.72,147.71,32.0,34.0,34.0,1.0,26-35,8.5,9.72,8.5,22.24,33.58,25.08,13.74,15.24,35.79,31.02,35.43,34.13,7.64,41.02,35.31,17.24,16.93,67.87,25.24,25.79,29.96,43.27,158.95,14.18,10.97,8.48,58.32,49.32,13.47,56.29,13.215,2.89,2.545,51.725,43.82,18.705,10.015,18.505,22.63,23.23,8.5,caesar
126,11116.0,52.0,1.0,female,66.54,136.69,29.0,30.0,34.0,1.0,46-55,10.5,9.76,8.07,20.47,30.59,22.52,12.4,14.92,34.49,30.12,34.65,31.57,7.36,39.65,31.97,17.13,16.1,66.97,22.44,27.48,27.6,41.06,135.14,15.17,11.03,6.85,56.82,48.05,14.73,54.295,12.085,3.125,2.455,50.78,43.105,17.955,9.485,17.36,21.11,21.57,8.07,caesar
128,11127.0,46.0,0.0,female,64.96,147.71,32.0,32.0,38.0,2.0,46-55,7.5,9.45,7.68,20.47,29.92,22.24,12.8,16.61,38.19,32.56,35.98,29.88,6.81,39.92,32.09,16.34,15.94,64.96,22.83,25.98,31.06,39.76,143.52,14.5,11.93,8.37,55.7,46.3,15.12,53.69,12.035,2.99,2.435,49.92,42.005,17.31,8.74,16.53,20.6,20.775,7.68,caesar
136,11144.0,35.0,0.0,female,66.93,156.53,31.0,30.0,38.0,2.0,26-35,7.5,9.53,7.36,20.87,30.28,22.91,13.5,15.63,38.94,33.98,36.61,32.8,7.13,41.06,31.46,16.65,16.57,67.64,24.09,21.65,35.08,38.94,161.6,13.89,12.02,9.04,57.76,48.58,14.45,55.755,11.875,3.22,2.685,51.33,44.035,17.935,9.48,16.66,20.905,21.355,7.37,caesar
139,11148.0,52.0,1.0,female,66.14,141.1,30.0,30.0,34.0,3.0,46-55,7.5,10.08,7.87,20.47,30.31,22.44,12.6,17.24,37.24,31.89,34.84,30.2,7.13,41.93,31.34,19.33,16.18,65.08,22.91,26.61,34.72,39.33,142.42,14.6,11.21,9.0,54.83,46.78,13.63,52.655,11.955,3.255,2.71,49.225,41.225,17.53,8.875,17.4,20.67,20.83,7.87,caesar
148,11161.0,44.0,3.0,female,64.17,141.1,31.0,32.0,34.0,0.0,36-45,8.5,9.45,8.39,20.47,29.13,20.75,12.09,14.92,37.4,33.98,36.81,29.69,7.13,40.35,30.35,17.72,16.85,64.45,23.62,27.8,29.45,39.84,140.88,14.37,11.06,7.1,54.6,46.71,14.35,53.265,11.585,3.515,2.635,49.76,42.37,16.96,8.205,16.195,19.81,19.79,8.38,caesar
149,11162.0,34.0,3.0,female,66.93,149.91,33.0,32.0,38.0,2.0,26-35,9.5,9.84,8.74,20.87,30.71,21.97,12.13,14.96,39.13,33.19,37.72,32.6,7.32,38.98,32.17,16.57,18.23,67.05,24.13,24.02,33.43,40.79,154.76,16.37,11.96,7.75,57.9,47.54,16.3,54.445,11.455,3.15,2.705,51.06,43.6,18.355,9.165,17.56,20.285,20.62,8.74,caesar
157,11174.0,38.0,2.0,female,62.2,155.43,34.0,29.0,36.0,1.0,36-45,7.5,9.25,6.81,19.57,29.13,22.32,12.76,18.35,40.55,34.13,36.61,28.82,6.93,42.8,32.01,20.08,15.39,62.44,26.38,26.18,39.84,38.54,170.64,13.04,13.64,9.19,53.04,46.24,13.19,51.825,11.745,2.96,2.625,48.015,40.69,16.9,9.855,17.39,20.66,21.6,6.81,caesar
158,11175.0,52.0,2.0,female,65.75,180.78,36.0,31.0,36.0,3.0,46-55,8.5,9.65,8.35,20.08,29.41,21.06,11.73,16.22,41.93,33.39,38.9,30.08,7.09,43.78,33.15,17.95,17.01,64.76,25.39,28.35,35.16,39.57,174.39,15.86,12.45,9.21,54.65,45.16,15.82,53.015,11.175,3.0,2.865,49.205,41.92,17.35,9.295,16.21,19.74,20.47,8.35,caesar
170,11192.0,44.0,2.0,female,65.75,169.76,34.0,34.0,36.0,2.0,36-45,6.5,9.29,8.15,20.91,30.2,22.05,12.76,16.81,42.4,34.57,39.57,30.75,6.77,43.5,32.36,17.01,17.48,64.84,25.98,29.72,34.88,41.18,174.61,14.74,13.86,8.45,55.09,45.22,17.14,53.18,12.135,2.805,2.55,47.99,42.18,17.79,8.57,15.525,20.21,20.705,8.15,caesar
192,11221.0,31.0,0.0,female,66.54,139.99,30.0,31.0,36.0,0.0,26-35,9.5,9.29,7.64,20.59,30.51,22.87,12.95,15.35,35.35,30.31,35.16,32.2,7.48,39.49,32.32,16.26,16.02,66.26,23.35,24.8,28.43,40.63,141.32,14.24,10.21,7.18,56.13,48.42,14.49,54.155,11.625,3.15,2.72,50.16,43.32,18.145,9.27,16.51,20.855,20.895,7.64,caesar
193,11223.0,54.0,2.0,female,60.63,134.48,31.0,28.0,34.0,1.0,46-55,7.5,9.84,7.24,19.21,28.23,20.98,11.97,17.24,37.8,31.42,36.46,27.99,6.69,39.25,31.69,19.84,14.84,60.0,23.39,25.83,32.76,36.65,141.54,13.76,12.35,8.01,51.41,42.25,14.98,48.98,10.91,2.99,2.825,44.99,39.065,16.495,8.525,15.315,19.16,19.435,7.25,caesar
199,11232.0,36.0,0.0,female,66.93,127.87,28.0,31.0,34.0,0.0,36-45,8.5,9.57,7.44,20.47,30.71,23.27,13.03,13.98,33.27,28.54,32.48,32.09,7.56,37.99,32.48,17.52,15.08,66.14,22.44,25.79,26.73,41.65,126.99,14.41,10.5,6.88,56.42,47.31,14.04,53.93,11.895,2.665,2.725,50.695,42.485,18.1,10.015,18.595,21.555,21.91,7.44,caesar
201,11235.0,42.0,2.0,female,70.08,182.98,34.0,36.0,36.0,3.0,36-45,9.5,9.84,7.87,21.02,32.28,24.41,13.15,16.65,41.14,32.48,38.78,33.07,7.91,44.06,33.66,17.6,17.13,69.29,26.3,30.71,33.35,44.29,190.92,15.36,13.7,8.67,59.45,50.33,14.89,57.115,12.47,3.125,2.435,52.955,45.37,18.94,10.015,17.535,21.82,22.485,7.87,caesar
202,11236.0,56.0,0.0,female,62.99,143.3,32.0,29.0,34.0,1.0,56-65,9.5,10.0,7.87,20.39,29.88,22.01,12.52,15.59,36.22,30.51,35.24,31.02,7.13,43.27,30.63,16.93,17.17,62.91,26.42,26.46,30.0,39.84,151.24,14.65,11.24,8.4,53.41,44.9,14.77,50.98,11.405,2.91,2.715,46.88,40.265,17.545,9.485,16.885,19.705,20.89,7.87,caesar
212,11250.0,35.0,2.0,female,66.93,176.37,34.0,31.0,38.0,1.0,26-35,7.5,8.86,8.27,20.67,30.31,22.05,12.4,18.43,39.49,34.25,38.07,29.65,6.85,44.17,30.28,16.54,18.03,66.89,26.57,28.82,34.8,40.35,181.22,14.21,13.05,7.96,57.3,48.1,15.2,55.04,11.65,3.285,2.61,49.745,44.14,17.0,8.965,15.41,20.08,20.615,8.26,caesar
223,11270.0,51.0,3.0,female,64.96,145.51,30.0,29.0,36.0,2.0,46-55,7.5,9.33,7.48,20.08,29.29,21.81,12.6,16.81,35.98,29.76,33.82,30.12,6.97,38.19,30.98,17.32,15.51,64.29,21.5,24.96,28.58,39.29,127.87,14.17,10.54,8.25,54.51,44.57,12.66,52.08,11.42,3.28,2.57,48.425,41.2,17.555,8.35,16.05,19.965,19.77,7.48,caesar
231,11280.0,45.0,3.0,female,63.39,110.23,29.0,31.0,34.0,1.0,36-45,6.5,9.09,7.17,19.8,29.37,22.2,12.64,14.33,33.54,30.08,32.99,30.47,7.13,35.83,31.89,15.71,15.43,63.11,19.84,26.54,27.8,39.72,115.74,14.42,12.04,6.3,54.06,44.9,13.63,51.22,11.12,3.285,2.43,47.205,40.585,17.515,9.415,16.34,20.055,20.535,7.17,caesar
243,11304.0,52.0,3.0,female,66.14,191.8,36.0,32.0,38.0,2.0,46-55,8.5,10.31,8.31,21.77,31.1,22.8,13.46,18.7,41.38,36.77,40.47,28.74,7.17,44.45,29.61,16.81,16.81,65.51,27.2,28.23,38.98,37.72,196.87,15.28,13.65,8.43,55.95,47.36,16.19,53.4,11.96,3.07,2.89,48.62,41.375,16.88,9.545,16.17,20.48,21.505,8.3,caesar
244,11305.0,54.0,2.0,female,66.93,123.46,29.0,30.0,34.0,1.0,46-55,7.5,9.06,7.64,20.87,31.1,23.46,13.23,13.03,32.52,27.17,31.34,32.05,7.4,40.04,32.8,15.59,15.31,65.28,22.68,23.94,27.36,41.14,115.96,14.33,10.25,5.99,55.57,47.35,13.25,53.61,12.325,2.705,2.595,49.97,42.29,18.545,10.095,18.695,22.045,22.42,7.64,caesar
249,11315.0,60.0,1.0,female,66.93,165.35,32.0,30.0,38.0,3.0,56-65,9.5,10.2,8.19,20.87,30.47,22.28,12.68,15.94,41.38,35.43,39.02,29.76,7.52,40.28,31.54,17.48,16.34,64.96,24.92,28.9,32.91,40.55,164.24,14.63,13.6,9.34,54.92,45.94,16.96,52.825,11.88,3.105,2.625,48.96,41.425,17.275,8.665,16.26,20.045,20.545,8.19,caesar
253,11324.0,26.0,0.0,female,70.47,154.32,29.0,31.0,34.0,2.0,26-35,9.5,8.31,7.87,20.87,30.83,22.95,12.99,15.47,37.2,31.65,35.83,33.07,7.28,40.24,34.02,16.93,16.61,69.57,23.66,26.42,29.49,42.8,150.58,15.53,11.16,8.28,59.43,51.11,15.34,56.5,11.695,3.375,2.925,52.925,45.58,18.855,9.775,17.63,21.085,21.47,7.88,caesar
266,11344.0,46.0,2.0,female,66.14,141.1,31.0,32.0,36.0,1.0,46-55,8.5,10.28,8.15,21.3,32.56,24.41,13.15,14.57,38.46,33.7,36.97,31.18,7.56,42.8,31.34,17.13,16.85,65.91,24.53,28.35,31.02,40.83,157.19,15.52,12.54,8.58,55.78,46.0,15.51,52.305,12.305,3.01,2.395,48.615,40.525,17.67,10.615,18.575,22.375,22.92,8.15,caesar
272,11364.0,44.0,0.0,female,62.99,143.3,34.0,36.0,36.0,2.0,36-45,7.5,9.02,7.48,18.9,28.11,20.63,11.42,12.24,39.02,32.83,37.52,28.82,6.77,39.09,30.0,16.89,15.75,62.76,22.56,26.5,33.15,37.36,139.55,14.14,12.19,8.82,52.57,44.11,14.92,50.98,11.025,2.99,2.61,46.71,40.755,16.36,8.505,14.565,19.1,19.53,7.48,caesar
273,11367.0,40.0,2.0,female,63.78,121.25,28.0,28.0,34.0,3.0,36-45,6.5,8.82,7.95,19.88,28.86,20.91,11.93,14.96,38.15,29.76,34.25,27.72,6.65,36.42,28.15,16.34,16.57,62.68,21.65,25.47,28.78,36.89,121.03,15.24,10.75,7.57,52.1,43.34,14.69,50.19,10.93,2.975,2.655,46.4,39.935,15.96,8.51,15.54,19.235,19.44,7.95,caesar
274,11368.0,36.0,0.0,female,66.54,143.3,31.0,36.0,36.0,2.0,36-45,9.5,9.29,7.28,20.08,30.0,22.72,12.8,16.5,39.17,32.01,35.83,32.09,7.32,40.31,33.98,16.42,16.02,67.13,22.24,26.1,31.5,42.36,147.71,14.34,11.83,8.03,57.49,49.05,14.02,54.95,11.94,3.415,2.52,51.59,43.715,18.825,9.455,17.635,20.87,21.395,7.28,caesar
276,11373.0,19.0,0.0,female,70.47,176.37,32.0,33.0,36.0,2.0,17-25,11.5,10.39,7.8,22.52,32.76,24.96,14.72,16.65,39.76,32.83,37.99,33.43,7.95,44.17,34.92,17.2,17.8,69.69,25.75,27.36,35.28,42.56,182.76,15.38,12.67,8.35,60.66,51.07,16.15,58.165,13.25,3.155,2.695,53.5,45.495,19.34,10.34,18.67,22.955,23.59,7.8,caesar
283,11384.0,43.0,3.0,female,67.32,154.32,31.0,32.0,38.0,3.0,36-45,8.5,8.86,7.48,20.87,31.69,24.21,13.39,15.55,42.24,36.77,37.56,32.83,7.05,41.97,33.62,16.14,15.71,67.48,23.98,27.76,35.04,42.17,169.76,14.42,13.06,8.99,58.34,48.15,15.88,55.48,12.71,2.575,2.44,51.94,44.005,18.79,9.215,17.92,21.855,21.925,7.48,caesar
284,11385.0,38.0,3.0,female,67.32,143.3,29.0,32.0,38.0,3.0,36-45,8.5,9.25,7.95,21.06,30.91,22.95,13.11,16.61,40.83,34.8,39.37,31.77,7.56,37.99,32.4,17.91,17.24,67.24,21.26,26.06,31.69,41.54,151.46,15.23,12.46,9.13,56.99,48.11,16.71,54.435,12.325,3.365,2.585,50.955,42.725,18.39,9.365,17.91,21.45,21.69,7.96,caesar
288,11393.0,33.0,0.0,female,65.75,158.73,33.0,30.0,36.0,2.0,26-35,7.5,9.25,8.07,21.18,31.1,23.03,13.11,17.48,39.13,33.66,38.78,30.28,6.85,42.99,31.85,16.81,17.36,65.98,25.67,29.13,29.61,40.79,162.92,15.13,10.96,8.37,55.91,47.36,15.67,53.75,11.86,3.09,2.59,49.005,42.19,17.185,9.38,16.69,20.97,21.24,8.07,caesar
293,11401.0,31.0,2.0,female,66.93,132.28,30.0,34.0,34.0,1.0,26-35,10.5,9.65,7.56,21.46,31.06,23.5,13.9,15.55,35.16,31.02,34.53,32.01,7.13,39.02,32.52,17.01,16.57,67.05,21.81,23.86,30.75,40.08,141.54,14.94,12.15,7.55,56.12,47.02,15.03,54.23,12.335,3.35,2.555,49.345,42.04,18.415,9.74,16.9,22.04,22.075,7.56,caesar
296,11405.0,52.0,2.0,female,61.81,134.48,29.0,28.0,34.0,1.0,46-55,6.5,8.94,7.95,19.69,29.25,21.3,11.73,15.35,39.49,32.36,37.68,28.03,6.85,36.81,29.69,16.81,16.42,60.59,21.14,24.61,31.81,36.85,137.13,15.1,11.83,7.27,51.66,44.15,15.36,49.35,11.21,2.935,2.555,45.05,39.71,16.285,8.47,15.46,19.845,19.68,7.95,caesar
297,11406.0,36.0,1.0,female,65.75,132.28,30.0,32.0,34.0,1.0,36-45,8.5,9.29,7.48,20.75,29.92,22.44,13.27,14.13,35.08,31.69,33.5,30.75,7.52,39.8,30.75,16.3,15.47,64.69,22.24,26.18,29.65,40.28,133.16,14.1,12.05,7.4,55.58,46.64,12.86,53.1,12.14,3.41,2.68,49.005,41.75,17.53,9.19,17.205,20.845,21.33,7.48,caesar
304,11413.0,30.0,1.0,female,61.42,141.1,34.0,28.0,38.0,3.0,26-35,5.5,9.37,7.76,19.21,28.74,20.98,11.46,15.35,41.73,33.86,38.27,28.27,6.93,41.81,29.88,17.28,18.03,61.3,24.02,28.5,34.45,38.35,149.91,14.57,13.16,8.24,52.82,43.3,14.68,50.47,10.95,3.365,2.735,46.615,40.055,16.48,8.345,15.225,19.395,19.295,7.76,caesar
305,11415.0,30.0,0.0,female,67.72,149.91,29.0,32.0,38.0,2.0,26-35,8.5,9.72,7.09,19.76,29.96,22.87,12.68,15.16,38.7,32.8,36.38,32.36,7.24,41.57,32.24,16.97,15.87,67.24,24.37,27.17,30.08,41.81,157.41,13.82,11.47,8.03,56.31,48.63,15.29,55.225,11.475,3.34,2.715,51.025,44.11,18.535,9.615,16.505,20.03,21.09,7.09,caesar
310,11423.0,57.0,1.0,female,62.99,134.48,32.0,28.0,38.0,2.0,56-65,8.5,9.84,7.87,20.67,29.72,21.85,12.8,16.73,38.19,33.03,35.55,29.41,6.54,40.75,30.24,15.91,16.02,62.32,24.41,25.71,32.76,38.19,140.65,14.33,11.64,8.39,52.61,43.83,16.1,50.35,11.865,2.905,2.56,46.405,39.27,16.88,8.775,16.365,19.36,20.64,7.87,caesar
311,11425.0,45.0,2.0,female,67.72,152.12,32.0,30.0,34.0,2.0,36-45,8.5,10.28,7.76,20.55,30.55,22.8,12.8,17.83,36.54,31.22,35.12,32.28,6.93,40.16,33.43,18.5,16.81,67.64,23.43,26.97,30.91,41.46,156.53,15.29,11.12,8.64,58.44,48.74,15.3,55.955,12.37,2.865,2.575,51.33,43.74,18.42,9.01,16.835,21.16,21.38,7.75,caesar
313,11427.0,41.0,4.0,female,68.11,158.73,32.0,34.0,36.0,2.0,36-45,10.5,10.16,7.83,21.46,31.97,24.13,13.62,16.89,38.39,32.17,37.48,33.46,7.64,43.39,35.35,17.6,17.87,68.7,24.41,30.91,32.32,44.06,166.89,15.3,12.66,7.41,57.96,50.21,15.3,56.26,12.385,3.31,2.78,52.075,44.55,19.225,10.285,18.26,22.31,22.67,7.84,caesar
319,11436.0,22.0,0.0,female,64.96,121.25,29.0,28.0,34.0,1.0,17-25,7.5,9.25,6.81,18.5,28.35,21.54,11.69,15.75,33.27,28.03,32.36,29.25,7.09,37.91,31.65,16.18,14.37,64.61,22.68,25.43,27.64,38.9,122.58,12.79,10.96,7.04,52.94,45.87,12.73,51.4,11.33,2.99,2.715,47.995,40.79,16.795,9.03,16.54,20.065,20.36,6.81,caesar
320,11437.0,47.0,1.0,female,64.57,147.71,32.0,32.0,36.0,1.0,46-55,8.5,9.29,7.95,20.98,30.51,22.56,13.03,18.74,38.27,34.06,37.52,29.61,7.13,44.06,30.94,16.77,16.54,63.19,25.94,28.74,33.94,38.54,154.1,14.08,12.18,7.64,53.83,45.58,14.37,52.225,11.705,2.625,2.605,48.18,41.5,17.235,8.825,16.485,20.375,20.53,7.95,caesar
322,11439.0,20.0,0.0,female,65.75,121.25,28.0,32.0,38.0,1.0,17-25,8.5,9.29,7.4,20.55,30.75,23.35,13.15,13.74,34.92,30.28,32.87,32.13,7.8,35.63,32.87,15.71,15.91,66.38,20.91,22.13,28.94,40.12,119.05,13.29,10.21,6.86,56.74,49.81,13.04,54.86,12.575,2.88,2.345,51.4,42.905,18.625,9.285,18.04,21.825,21.86,7.4,caesar
325,11441.0,20.0,0.0,female,70.87,149.91,31.0,34.0,36.0,1.0,17-25,9.5,9.45,8.7,22.05,32.36,23.66,13.35,15.51,37.09,31.69,36.77,35.04,7.64,40.71,33.46,18.11,17.72,71.3,22.44,26.06,30.51,44.29,158.95,15.15,12.42,8.75,60.72,53.31,15.37,59.05,12.845,3.33,2.96,55.02,46.555,19.06,9.785,18.09,22.53,22.63,8.7,caesar
326,11442.0,34.0,3.0,female,65.75,136.69,29.0,30.0,36.0,1.0,26-35,8.5,9.45,7.52,20.47,29.76,22.24,12.95,15.87,39.33,33.7,37.95,30.31,7.32,39.76,30.83,16.69,16.5,65.28,23.78,27.17,29.69,39.45,145.95,14.15,12.57,7.95,54.89,46.07,14.42,53.385,11.91,3.0,2.475,49.145,42.305,17.325,9.265,15.95,20.17,21.175,7.52,caesar
422,12223.0,38.0,3.0,female,64.17,136.69,29.0,34.0,34.0,1.0,36-45,8.5,9.29,8.07,20.28,30.2,22.13,12.2,14.69,34.92,30.63,34.45,30.39,6.85,38.66,30.2,15.35,15.28,64.09,22.87,25.98,30.0,39.37,142.64,14.61,10.98,7.65,54.02,46.18,13.73,52.0,10.68,3.165,2.705,49.32,41.935,18.015,8.79,16.535,19.18,19.47,8.07,caesar
423,12229.0,50.0,0.0,female,69.29,167.55,34.0,33.0,36.0,3.0,46-55,8.5,9.76,8.19,21.5,31.06,22.87,13.31,19.13,40.51,31.77,38.23,32.56,7.32,42.09,33.78,17.52,17.13,68.94,23.98,30.43,36.69,42.36,170.2,14.5,13.37,8.46,59.11,50.04,15.47,57.32,12.405,3.015,2.99,53.67,45.465,18.745,9.105,17.42,21.3,21.51,8.19,caesar
428,12256.0,28.0,2.0,female,62.99,149.91,32.0,28.0,36.0,3.0,26-35,6.5,9.61,7.6,19.29,29.37,21.77,11.69,15.04,38.03,30.59,35.08,29.65,6.97,42.91,30.67,14.72,16.22,63.98,24.72,27.56,30.04,38.94,155.65,15.49,11.57,8.91,54.17,44.64,14.83,51.915,11.09,2.86,2.22,48.57,41.68,16.94,8.205,15.895,19.11,19.295,7.6,caesar
431,12261.0,51.0,2.0,female,64.57,187.39,36.0,32.0,34.0,3.0,46-55,7.5,9.88,7.95,20.67,29.8,21.85,12.72,16.06,43.5,36.1,41.14,29.92,6.93,46.06,33.19,18.27,16.69,64.29,26.26,30.55,40.2,40.39,191.36,14.6,13.48,8.6,55.85,45.63,15.24,52.655,11.56,2.95,2.685,48.825,42.145,17.94,8.225,15.505,19.71,19.785,7.95,caesar
791,15120.0,34.0,2.0,female,60.63,104.72,28.0,29.0,34.0,1.0,26-35,5.5,8.35,7.09,19.29,29.88,22.8,12.2,14.84,34.96,28.54,33.58,28.58,6.69,36.54,28.54,16.61,15.04,60.67,19.84,24.09,25.59,37.56,106.48,14.06,10.84,6.53,51.14,41.74,13.5,48.875,11.33,2.915,2.45,45.93,38.075,16.5,8.96,17.33,20.155,20.29,7.08,caesar
805,15209.0,64.0,3.0,female,66.14,132.28,30.0,31.0,36.0,1.0,56-65,9.5,10.12,7.91,21.34,31.3,23.39,13.43,15.0,37.48,33.31,36.73,33.35,7.76,36.02,35.28,17.6,16.22,67.01,19.65,27.56,32.28,42.91,133.82,15.09,11.6,7.57,57.73,48.93,14.4,55.425,12.52,3.03,2.75,51.315,43.775,19.0,9.335,17.77,21.63,21.855,7.91,caesar
808,15214.0,55.0,3.0,female,66.93,132.28,31.0,31.0,34.0,1.0,46-55,8.5,9.84,8.5,21.65,31.26,22.76,13.15,17.87,34.72,32.05,34.33,30.75,7.24,38.58,31.89,16.46,16.54,66.85,21.73,24.61,31.06,40.47,130.95,16.29,11.5,7.85,56.68,47.51,15.08,54.21,12.025,3.05,2.595,50.44,42.775,18.085,8.925,17.065,20.715,20.95,8.5,caesar
823,15232.0,26.0,0.0,female,72.83,154.32,32.0,34.0,34.0,0.0,26-35,9.5,10.24,7.48,21.38,31.81,24.33,13.9,15.71,35.87,31.77,34.76,34.84,7.72,39.96,36.5,16.85,16.5,72.2,23.9,26.5,28.94,44.76,155.43,14.68,11.6,6.64,61.52,52.52,15.05,59.92,13.285,3.405,2.865,54.96,47.11,19.25,10.085,18.305,23.205,23.37,7.48,caesar
824,15235.0,45.0,2.0,female,63.78,152.12,34.0,32.0,38.0,1.0,36-45,10.5,10.0,7.99,20.87,29.92,21.93,12.87,15.63,39.53,34.33,38.07,30.51,7.36,41.54,31.73,18.5,16.77,65.12,23.66,26.18,32.68,39.61,158.29,14.62,11.58,7.73,54.8,47.1,15.12,53.59,11.605,3.16,2.78,49.605,42.89,17.7,9.12,16.46,20.17,20.725,7.99,caesar
826,15239.0,54.0,2.0,female,64.96,171.96,32.0,30.0,38.0,4.0,46-55,8.5,10.39,7.36,20.28,30.16,22.8,12.91,17.95,43.31,33.27,37.87,28.78,7.24,41.34,30.83,19.45,16.1,64.53,23.27,29.61,36.54,39.88,169.54,14.18,13.36,9.79,54.44,43.75,14.88,52.225,11.66,3.07,2.59,48.265,41.975,17.005,8.845,16.035,20.035,20.505,7.36,caesar
837,15256.0,32.0,0.0,female,64.96,143.3,32.0,32.0,34.0,3.0,26-35,6.5,9.17,7.36,20.67,29.53,22.17,13.31,15.94,38.7,30.43,36.5,30.2,6.73,40.67,32.28,18.11,17.72,65.91,23.19,30.12,31.38,39.8,144.62,15.04,10.81,8.43,56.37,47.41,15.09,53.19,12.13,3.215,2.93,50.065,41.89,17.435,8.34,17.445,20.31,20.47,7.36,caesar
838,15257.0,41.0,2.0,female,64.17,127.87,30.0,29.0,34.0,1.0,36-45,7.5,8.86,7.83,19.69,29.33,21.5,11.85,13.82,35.47,30.75,34.8,30.16,6.85,38.74,32.2,17.6,15.94,63.86,22.8,27.56,29.53,40.59,126.1,14.29,11.77,7.02,53.57,45.39,14.65,51.4,11.07,2.935,2.515,47.745,40.88,17.56,8.78,16.215,19.195,19.85,7.83,caesar
842,15261.0,47.0,2.0,female,68.9,156.53,34.0,32.0,36.0,1.0,46-55,9.5,9.17,7.32,20.98,31.42,24.09,13.66,15.59,38.82,33.86,36.93,32.72,7.64,42.72,33.46,17.13,16.85,68.98,24.13,28.94,32.99,42.76,166.23,14.74,12.06,8.53,57.74,50.0,14.73,56.265,12.73,3.275,2.54,51.845,44.05,18.67,9.72,17.48,22.325,22.45,7.33,caesar
849,15272.0,47.0,2.0,female,64.57,114.64,29.0,30.0,34.0,0.0,46-55,7.5,9.06,6.69,20.47,30.31,23.62,13.78,14.21,35.83,32.09,33.86,30.51,6.89,36.42,31.06,16.85,15.39,65.2,20.47,23.62,28.35,39.33,115.3,13.55,10.92,7.51,54.64,46.8,13.71,53.265,11.77,2.78,2.695,49.57,42.025,17.735,9.335,17.22,20.455,21.105,6.69,caesar
862,15294.0,36.0,0.0,female,66.93,143.3,32.0,31.0,34.0,1.0,36-45,8.5,9.21,8.98,21.34,30.55,21.57,12.36,14.8,36.02,30.0,35.04,30.98,7.17,41.46,33.27,17.91,15.91,66.57,24.29,28.74,30.71,41.57,150.58,15.42,11.38,7.87,56.91,47.95,14.95,54.51,11.76,3.085,2.96,51.44,43.65,18.385,9.405,17.95,20.62,21.165,8.98,caesar
870,15308.0,51.0,2.0,female,66.14,169.76,34.0,32.0,36.0,3.0,46-55,5.5,9.29,6.69,20.47,30.71,24.02,13.78,16.81,42.2,35.04,36.3,31.69,6.77,43.23,33.19,17.28,15.67,66.06,26.18,27.36,33.74,41.14,171.74,13.46,12.78,8.21,56.68,45.72,13.96,54.06,12.41,2.61,2.795,50.0,42.255,17.925,8.99,17.39,21.14,21.4,6.69,caesar
886,15330.0,53.0,2.0,female,66.54,156.53,32.0,31.0,34.0,0.0,46-55,8.5,10.39,6.81,19.92,30.71,23.9,13.11,16.73,39.49,33.78,37.68,32.17,7.4,42.91,32.87,18.62,15.59,64.69,25.24,25.75,36.1,40.91,165.79,14.05,12.96,7.72,55.39,46.32,14.57,53.365,11.82,2.87,2.805,49.07,42.645,18.165,9.16,16.805,21.1,20.98,6.81,caesar
890,15336.0,21.0,0.0,female,66.93,152.12,32.0,30.0,36.0,2.0,17-25,9.5,9.88,7.17,19.49,28.62,21.46,12.32,14.72,37.28,29.65,34.76,29.61,7.13,43.31,30.71,17.09,16.89,67.01,26.3,24.09,35.55,38.62,154.76,13.68,12.5,8.13,56.43,47.7,13.03,54.255,11.695,3.075,2.74,50.995,42.945,17.43,8.57,16.775,19.855,20.265,7.16,caesar
891,15337.0,36.0,3.0,female,61.42,132.28,31.0,29.0,34.0,1.0,36-45,5.5,8.74,7.87,19.69,27.95,20.08,11.81,13.66,34.45,30.0,32.32,28.46,6.89,41.77,29.37,15.43,15.51,62.17,24.8,26.38,30.87,37.44,134.26,14.62,12.04,8.1,61.59,52.39,13.12,60.27,13.535,3.66,2.885,55.84,47.31,20.0,10.16,18.835,23.21,23.695,7.87,caesar
895,15342.0,46.0,2.0,female,68.11,176.37,36.0,32.0,34.0,4.0,46-55,11.5,10.08,7.28,21.54,31.69,24.41,14.25,17.09,41.1,33.15,38.39,31.61,7.28,44.09,32.01,18.31,16.97,68.46,25.39,31.3,34.8,42.52,186.51,14.23,12.25,8.85,58.79,48.66,14.43,56.705,12.58,3.025,2.895,52.22,45.21,18.43,9.52,17.555,21.83,22.1,7.28,caesar
898,15347.0,32.0,2.0,female,64.96,130.07,29.0,32.0,36.0,2.0,26-35,8.5,9.49,7.13,19.76,29.21,22.09,12.64,15.59,37.4,31.1,36.18,30.87,6.73,37.09,31.93,17.6,16.22,65.28,21.73,26.06,28.58,40.2,136.03,14.76,11.65,8.74,55.06,47.3,14.82,53.035,11.415,3.07,2.665,49.32,42.1,17.49,8.115,15.74,19.715,19.53,7.12,caesar
910,15363.0,25.0,0.0,female,68.9,145.51,31.0,34.0,36.0,1.0,17-25,9.5,9.96,8.66,21.85,32.8,24.13,13.19,15.2,35.63,31.57,35.39,32.95,7.13,38.58,32.09,17.32,17.68,68.5,23.31,23.82,29.8,41.81,146.39,16.08,10.83,7.09,58.73,49.62,15.56,56.335,12.77,3.22,2.92,52.85,44.225,18.975,9.735,18.13,22.01,22.505,8.67,caesar
914,15369.0,44.0,0.0,female,67.72,171.96,34.0,32.0,36.0,5.0,36-45,8.5,9.49,8.35,20.47,30.31,21.97,12.13,16.54,44.09,35.04,39.92,31.85,7.17,40.16,33.46,15.98,17.01,67.2,24.69,28.74,35.71,42.56,177.25,15.47,12.95,9.69,56.99,48.05,16.1,54.615,12.63,3.3,2.91,50.75,42.93,18.255,8.73,17.315,21.14,21.36,8.34,caesar
917,15372.0,41.0,3.0,female,69.29,158.73,33.0,34.0,38.0,0.0,36-45,11.5,10.0,7.64,21.65,32.05,24.41,14.02,15.04,35.43,31.42,34.33,33.31,7.56,43.54,34.06,17.09,17.76,69.49,24.33,27.95,29.57,43.46,161.38,14.8,12.23,7.56,59.42,50.03,13.63,57.41,12.95,3.13,2.65,53.13,45.22,18.85,9.885,18.515,22.575,22.835,7.64,caesar
918,15375.0,24.0,0.0,female,65.75,132.28,30.0,32.0,34.0,1.0,17-25,6.5,9.33,8.07,20.67,32.48,24.41,12.6,14.21,33.86,28.31,32.44,31.57,6.81,40.12,31.85,15.04,16.54,65.83,22.91,24.8,26.97,40.71,134.26,15.61,10.55,7.2,55.92,48.92,14.16,53.48,11.045,3.115,2.585,50.195,42.68,17.74,9.205,16.66,19.465,20.25,8.07,caesar
925,15381.0,30.0,0.0,female,67.72,125.66,30.0,31.0,32.0,4.0,26-35,7.5,9.09,7.87,21.26,31.5,23.62,13.39,15.55,35.43,27.68,33.27,31.26,7.01,38.19,32.36,16.97,16.34,66.97,22.01,25.0,28.23,40.51,131.18,15.42,11.51,7.72,56.54,47.47,14.27,54.55,12.525,3.19,2.66,51.0,42.615,17.945,8.765,17.345,21.24,21.29,7.88,caesar
927,15386.0,33.0,2.0,female,69.29,136.69,30.0,34.0,34.0,1.0,26-35,8.5,9.25,8.07,21.65,31.69,23.62,13.58,15.08,34.76,31.18,34.65,33.07,7.13,37.99,35.16,17.91,16.93,68.9,21.85,24.8,30.08,42.8,137.57,15.27,11.23,7.98,58.62,49.92,14.93,56.33,12.45,3.165,2.72,52.28,44.385,19.205,8.795,17.41,21.025,21.245,8.07,caesar
932,15393.0,34.0,0.0,female,67.32,127.87,30.0,32.0,34.0,1.0,26-35,10.5,9.37,7.83,20.87,30.39,22.56,13.03,15.12,33.58,29.49,33.46,31.26,7.48,38.5,31.3,16.22,16.5,67.48,20.87,26.77,25.91,40.91,128.75,14.96,10.58,7.42,57.86,48.84,13.45,54.63,12.54,3.12,2.375,50.825,42.385,17.63,8.63,16.655,21.05,21.17,7.83,caesar
942,15408.0,29.0,2.0,female,68.11,149.91,32.0,32.0,36.0,2.0,26-35,10.5,10.28,7.99,21.46,31.3,23.31,13.46,15.83,40.28,33.58,37.36,31.61,7.6,41.22,32.76,17.87,16.77,67.83,24.13,26.65,32.52,41.89,161.16,14.58,12.27,7.87,57.91,48.91,15.61,56.285,12.595,3.325,2.63,52.31,44.23,18.34,9.215,17.755,21.78,21.81,7.99,caesar
949,15418.0,43.0,2.0,female,69.29,191.8,34.0,31.0,38.0,2.0,36-45,11.5,9.72,8.5,22.32,33.15,24.65,13.82,18.54,41.81,34.76,40.16,32.56,7.68,41.85,34.53,18.46,18.98,69.33,24.29,28.9,38.7,42.48,192.9,16.04,13.59,8.75,59.42,50.5,15.48,57.21,12.905,3.295,2.7,52.375,44.53,18.85,9.89,17.785,22.14,22.795,8.5,caesar
952,15423.0,30.0,1.0,female,72.05,160.94,33.0,36.0,36.0,0.0,26-35,10.5,9.92,7.68,21.26,31.69,24.02,13.58,16.34,37.09,32.36,36.42,34.72,7.56,39.69,36.77,18.66,16.89,71.65,23.9,26.77,31.14,44.88,162.26,15.21,11.79,7.51,60.53,52.46,15.11,58.925,12.335,3.425,2.865,54.885,46.33,19.685,9.785,18.055,21.64,22.12,7.67,caesar
956,15427.0,56.0,3.0,female,67.32,136.69,32.0,32.0,34.0,1.0,56-65,10.5,10.2,7.83,21.5,30.98,23.15,13.66,14.72,35.47,30.0,34.45,33.35,7.13,41.3,32.17,16.93,16.34,67.2,21.02,25.98,28.94,42.17,133.16,14.97,10.3,6.54,57.06,47.13,13.41,54.185,12.705,2.895,2.315,49.89,42.245,17.785,8.91,17.205,21.4,21.615,7.83,caesar
962,15435.0,40.0,2.0,female,68.11,154.32,30.0,32.0,36.0,1.0,36-45,8.5,9.57,7.87,20.87,30.71,22.83,12.99,16.42,38.58,31.69,36.93,31.5,7.2,41.1,32.28,18.27,17.36,68.9,23.62,26.38,33.35,41.54,158.95,15.03,12.45,7.97,58.23,50.35,12.33,56.475,11.89,3.495,2.595,53.04,45.075,18.34,8.97,17.31,20.87,20.86,7.88,caesar
967,15443.0,36.0,0.0,female,66.14,132.28,29.0,32.0,34.0,2.0,36-45,6.5,9.29,7.64,20.67,30.04,22.4,13.03,14.84,36.42,30.83,35.59,29.88,7.17,40.87,30.16,17.05,16.81,65.12,23.39,26.18,29.02,39.76,145.28,14.8,12.23,7.64,54.65,47.0,15.2,52.955,11.7,3.105,2.69,48.895,41.875,17.215,8.81,16.55,20.535,20.51,7.64,caesar
968,15444.0,35.0,2.0,female,65.75,154.32,34.0,32.0,36.0,3.0,26-35,7.5,9.06,7.17,19.84,30.91,23.74,12.68,15.91,41.38,32.36,37.44,30.83,7.36,40.94,30.55,17.72,17.72,65.08,25.2,30.12,33.46,40.83,160.06,13.57,11.82,8.99,54.78,46.43,14.4,53.215,12.26,2.945,2.67,48.955,41.93,18.16,9.46,17.465,21.5,21.72,7.17,caesar
969,15445.0,23.0,0.0,female,64.96,160.94,32.0,30.0,38.0,2.0,17-25,7.5,9.61,7.8,20.59,30.39,22.6,12.8,16.18,39.8,34.06,38.43,30.71,6.61,42.28,32.09,17.01,16.5,65.94,25.24,26.85,31.3,40.28,158.51,14.83,12.38,8.21,55.43,46.53,15.32,52.69,12.12,3.44,2.7,48.945,41.09,17.52,9.245,17.04,21.22,21.365,7.79,caesar
987,15468.0,32.0,1.0,female,66.14,163.14,33.0,31.0,38.0,1.0,26-35,8.5,9.8,8.19,20.98,30.43,22.24,12.8,15.79,39.76,33.58,38.58,31.5,7.36,42.8,32.17,18.27,16.54,66.26,24.21,30.08,33.27,41.89,166.89,15.59,13.88,7.56,56.58,47.56,14.88,53.595,11.75,3.365,2.82,49.54,42.02,17.845,9.415,17.22,20.605,21.165,8.19,caesar
990,15470.0,21.0,0.0,female,70.08,143.3,30.0,34.0,34.0,2.0,17-25,9.5,10.12,8.27,21.93,31.89,23.62,13.66,15.0,38.19,31.1,36.69,34.09,7.44,42.05,35.0,18.07,17.52,70.04,23.9,25.59,31.46,43.66,153.22,15.7,11.67,8.2,59.14,51.24,15.46,57.795,13.01,3.275,2.625,53.92,45.24,18.84,9.415,18.165,21.745,22.425,8.27,caesar
992,15473.0,30.0,0.0,female,68.5,138.89,31.0,32.0,36.0,1.0,26-35,7.5,8.98,7.95,20.98,31.5,23.54,13.03,14.49,35.35,30.51,33.82,31.89,7.32,40.39,34.02,16.54,16.42,68.43,22.2,28.35,27.91,42.76,137.35,15.3,11.85,6.78,57.77,49.37,15.86,55.28,12.265,3.54,2.84,51.265,43.505,18.02,9.13,17.345,21.14,21.395,7.96,caesar
995,15478.0,19.0,0.0,female,64.96,143.3,31.0,30.0,34.0,2.0,17-25,7.5,9.37,7.6,20.12,30.16,22.56,12.52,14.92,35.2,29.13,34.02,30.39,7.32,41.73,31.57,16.85,16.93,64.29,24.41,24.65,30.63,39.25,145.06,14.79,11.28,6.94,54.29,46.76,13.41,52.05,11.895,3.22,2.66,49.01,40.125,17.2,9.245,17.545,20.555,21.14,7.6,caesar
998,15480.0,56.0,0.0,female,64.96,152.12,32.0,30.0,36.0,2.0,56-65,7.5,9.65,7.6,20.08,29.84,22.24,12.48,14.92,37.36,30.35,34.8,30.24,6.93,44.25,32.48,18.27,16.14,64.88,24.84,28.35,30.51,39.57,154.1,14.73,10.89,8.37,54.4,44.47,14.76,52.325,11.55,2.98,2.65,47.855,41.16,17.31,8.645,15.45,19.455,20.195,7.6,caesar
1007,15490.0,28.0,1.0,female,68.9,141.1,32.0,34.0,36.0,4.0,26-35,8.5,9.45,6.69,20.08,31.1,24.41,13.39,15.35,37.87,31.5,34.65,33.15,7.32,41.42,33.39,17.87,16.14,68.46,23.98,27.95,28.54,42.91,145.51,13.87,11.24,8.82,57.47,49.73,13.47,56.045,12.19,3.25,2.755,52.015,43.88,19.76,10.385,18.51,22.29,22.575,6.69,caesar
1008,15491.0,41.0,2.0,female,69.29,165.35,33.0,34.0,36.0,2.0,36-45,9.5,9.84,8.19,21.46,32.17,23.98,13.27,15.83,40.24,34.25,38.58,32.95,7.44,40.83,35.04,17.76,18.27,68.11,23.86,27.17,34.02,41.69,163.14,15.19,12.15,9.61,57.73,50.58,16.32,56.26,13.005,3.085,2.425,51.695,44.01,19.205,9.88,18.025,22.82,22.885,8.19,caesar
1012,15497.0,45.0,0.0,female,70.87,147.71,31.0,34.0,34.0,1.0,36-45,9.5,9.53,8.46,22.24,32.48,24.02,13.78,16.06,39.41,31.61,38.07,33.5,7.72,40.31,36.57,17.32,16.93,69.25,22.2,24.53,34.45,42.87,151.68,13.98,13.49,7.88,57.93,50.02,15.37,56.635,13.795,3.45,2.775,52.865,43.915,18.995,9.705,19.86,23.085,23.5,8.46,caesar
1014,15501.0,31.0,3.0,female,65.75,130.07,28.0,29.0,34.0,1.0,26-35,9.5,9.33,7.48,20.47,31.3,23.82,12.99,14.49,34.96,30.87,33.27,34.33,7.32,38.58,34.02,16.38,15.47,64.88,22.48,27.24,29.25,42.8,134.26,14.51,11.57,7.76,56.5,48.47,14.73,54.145,12.305,3.115,2.635,50.705,42.355,19.42,9.93,18.66,21.775,22.235,7.48,caesar
1022,15510.0,46.0,2.0,female,66.93,167.55,34.0,30.0,36.0,3.0,46-55,7.5,9.09,7.76,19.96,30.0,22.24,12.2,15.28,40.79,32.48,37.4,31.57,6.81,43.62,33.74,18.78,16.22,66.81,25.71,28.35,31.3,40.94,167.55,14.48,12.04,9.1,56.05,46.59,15.82,53.66,11.775,3.155,2.615,50.405,41.84,18.045,9.4,17.335,20.775,21.175,7.76,caesar
1030,15523.0,55.0,3.0,female,66.93,167.55,32.0,30.0,38.0,2.0,46-55,10.5,10.24,7.68,20.67,30.12,22.44,12.99,17.83,39.57,35.31,38.54,31.5,7.4,40.98,32.09,19.49,17.83,65.79,25.16,28.15,32.76,41.3,172.4,15.45,12.13,7.49,56.47,46.32,14.29,53.905,12.17,3.5,2.69,49.815,41.985,17.62,9.545,17.36,21.37,21.715,7.68,caesar
1038,15536.0,47.0,2.0,female,68.5,152.12,32.0,30.0,38.0,3.0,46-55,9.5,9.76,8.39,22.44,32.48,24.09,14.06,16.65,38.66,32.48,36.89,32.91,7.83,39.37,34.45,17.52,17.09,69.72,20.94,29.76,31.89,44.84,151.68,16.16,12.81,6.58,60.49,50.13,15.52,57.17,13.2,3.045,2.675,52.515,44.255,19.005,9.815,18.475,22.465,23.015,8.39,caesar
1048,15549.0,41.0,3.0,female,65.35,119.05,29.0,29.0,34.0,1.0,36-45,7.5,9.29,7.13,19.69,29.72,22.6,12.56,14.02,33.7,29.29,32.56,30.94,7.32,37.56,32.4,17.28,15.79,65.91,22.28,24.96,28.66,40.24,123.68,14.44,11.38,6.8,55.79,48.82,12.73,53.555,11.91,3.01,2.51,50.645,42.61,17.68,9.25,18.135,20.515,21.16,7.12,caesar
1051,15552.0,33.0,1.0,female,64.57,160.94,32.0,30.0,38.0,2.0,26-35,7.5,8.98,8.19,20.55,29.72,21.54,12.36,16.34,40.35,33.9,37.56,29.33,6.93,43.15,31.1,18.54,18.03,63.35,25.16,26.93,36.06,38.9,163.36,14.67,12.27,8.93,53.13,44.12,14.66,52.1,11.545,2.84,2.54,47.99,41.265,16.995,8.6,15.915,19.75,20.145,8.18,caesar
1054,15556.0,56.0,2.0,female,68.9,156.53,32.0,33.0,38.0,2.0,56-65,9.5,10.04,7.95,20.87,31.1,23.15,12.91,16.81,39.45,34.61,37.99,32.44,7.4,40.04,34.33,18.5,16.02,68.86,24.33,30.12,33.74,42.83,163.58,14.4,13.35,8.52,58.44,50.36,14.13,56.44,12.67,3.245,2.735,52.3,44.81,18.89,9.67,17.62,21.97,22.34,7.95,caesar
1057,15559.0,36.0,2.0,female,64.17,134.48,32.0,28.0,36.0,1.0,36-45,7.5,9.06,6.89,19.29,28.94,22.05,12.4,14.96,37.6,32.32,35.12,30.59,6.81,40.39,31.61,17.17,15.75,64.25,22.95,26.54,31.57,40.55,136.91,13.4,11.63,7.25,54.64,47.58,13.79,53.34,11.775,2.93,2.615,49.505,42.085,17.41,9.505,17.17,20.865,21.28,6.89,caesar
1060,15561.0,49.0,3.0,female,66.14,163.14,34.0,32.0,36.0,1.0,46-55,8.5,9.72,7.91,21.26,31.3,23.39,13.35,16.38,38.78,34.88,36.77,31.81,7.2,44.29,32.48,17.56,17.05,65.87,25.35,28.74,32.8,41.57,167.33,15.59,12.9,7.12,55.96,48.62,15.13,53.7,11.97,2.97,2.575,49.92,42.025,17.91,9.45,17.325,21.185,21.42,7.91,caesar
1064,15567.0,48.0,3.0,female,65.75,165.35,32.0,30.0,38.0,3.0,46-55,10.5,9.57,7.64,21.06,31.1,23.46,13.43,16.3,41.57,33.7,39.33,31.61,7.56,43.23,32.56,18.86,17.09,65.55,25.83,26.93,35.04,40.75,169.09,15.31,12.06,9.07,56.38,46.85,15.73,52.92,12.22,2.965,2.725,49.71,41.5,18.405,9.535,18.38,21.57,21.755,7.64,caesar
1072,15594.0,43.0,2.0,female,64.96,165.35,33.0,30.0,38.0,1.0,36-45,6.5,9.45,8.15,21.02,30.87,22.72,12.87,16.34,40.12,33.07,38.07,29.92,6.97,46.1,31.14,17.8,18.15,65.59,27.28,28.7,37.72,39.37,178.57,15.83,13.72,8.29,55.3,46.54,15.92,53.255,11.92,2.705,2.545,49.925,42.09,17.12,9.54,17.525,21.01,21.46,8.15,caesar
1082,15603.0,53.0,2.0,female,62.2,134.48,32.0,31.0,36.0,1.0,46-55,6.5,9.45,7.95,20.59,30.12,22.17,12.64,15.94,37.13,31.14,35.31,28.58,6.54,40.91,29.69,16.46,16.06,61.81,23.46,26.65,31.1,37.87,140.43,15.15,11.61,7.05,51.87,44.0,15.37,49.495,11.255,2.925,2.42,45.375,38.865,16.21,7.94,14.855,18.965,19.195,7.95,caesar
1088,15610.0,32.0,0.0,female,67.32,132.28,30.0,32.0,34.0,0.0,26-35,8.5,9.84,7.91,21.26,30.63,22.72,13.35,16.1,33.86,29.96,33.7,31.73,7.24,39.57,33.23,16.3,16.06,68.27,22.68,24.8,28.7,41.38,131.18,15.11,10.81,6.86,57.21,50.08,14.77,55.725,12.37,3.195,2.725,51.445,43.76,18.065,8.975,17.0,20.945,21.345,7.91,caesar
1093,15616.0,27.0,0.0,female,66.54,147.71,32.0,34.0,34.0,4.0,26-35,7.5,9.13,7.28,19.96,30.12,22.83,12.68,15.83,40.39,31.73,37.13,31.97,7.09,40.16,34.21,16.89,16.93,66.26,22.64,26.69,29.41,41.38,150.36,13.68,10.88,8.12,55.92,47.95,13.01,54.005,11.96,2.92,2.4,50.08,42.44,18.0,8.92,16.51,20.82,20.88,7.29,caesar
1104,15627.0,36.0,2.0,female,66.93,165.35,30.0,32.0,36.0,1.0,36-45,8.5,10.16,8.35,20.87,30.75,22.4,12.52,16.06,40.63,35.79,38.94,30.35,7.13,42.48,31.38,17.91,16.77,66.26,26.14,28.03,34.33,38.9,173.28,15.02,13.05,8.35,56.31,47.17,15.49,53.695,11.79,2.945,2.78,50.115,42.305,17.58,9.305,16.57,20.37,21.095,8.35,caesar
1106,15629.0,34.0,2.0,female,66.14,130.07,30.0,30.0,34.0,0.0,26-35,8.5,9.8,7.48,20.47,30.71,23.23,12.99,14.88,35.75,30.67,34.25,31.3,7.4,37.99,32.4,16.73,15.28,66.3,21.73,26.77,29.09,40.87,133.16,14.26,11.65,8.04,56.24,46.73,14.28,54.045,12.38,2.89,2.175,50.54,42.29,18.05,8.995,17.595,21.17,21.375,7.48,caesar
1109,15631.0,28.0,0.0,female,63.78,132.28,28.0,30.0,34.0,1.0,26-35,6.5,8.9,7.6,19.69,28.31,20.71,12.09,13.58,34.33,30.71,33.19,29.61,6.61,38.19,30.2,16.73,15.75,63.23,21.54,22.6,30.63,36.93,126.1,14.09,11.39,8.05,53.0,44.41,14.1,50.36,10.82,2.83,2.445,47.39,40.205,16.725,8.355,16.035,18.685,19.175,7.6,caesar
1130,15653.0,19.0,0.0,female,70.87,154.32,34.0,34.0,36.0,0.0,17-25,11.5,10.0,8.19,21.65,32.05,23.86,13.46,15.51,36.85,32.44,36.22,33.94,7.52,42.95,33.15,16.3,17.24,70.35,25.71,27.17,29.76,43.5,171.96,15.87,11.6,8.16,60.07,51.77,15.36,57.27,12.41,3.005,2.585,54.355,45.48,19.025,9.76,18.805,21.925,22.17,8.19,caesar
1138,15664.0,29.0,0.0,female,72.05,171.96,34.0,34.0,36.0,2.0,26-35,9.5,9.96,7.99,22.05,32.95,24.96,14.06,15.51,39.92,33.46,37.8,33.58,7.87,44.13,34.45,17.32,17.32,71.38,25.47,28.35,33.07,43.11,176.15,15.51,13.31,8.78,61.22,50.14,15.71,58.46,12.965,3.53,2.89,54.2,46.055,19.55,10.51,19.245,23.455,23.475,7.99,caesar
1140,15667.0,23.0,0.0,female,68.9,152.12,31.0,34.0,36.0,2.0,17-25,11.5,9.65,8.07,21.22,31.5,23.43,13.15,15.35,37.36,31.54,35.79,32.6,7.95,40.08,32.91,17.52,16.26,68.19,23.74,24.17,33.66,41.22,149.91,14.74,12.61,8.7,57.85,49.26,15.68,56.37,12.395,3.41,2.9,52.565,44.85,18.71,9.46,17.94,21.64,21.855,8.07,caesar
1144,15671.0,48.0,5.0,female,64.96,143.3,31.0,30.0,34.0,1.0,46-55,7.5,9.53,7.17,20.0,29.25,22.09,12.83,14.92,36.89,31.89,36.26,30.12,7.13,42.56,31.22,17.01,16.02,64.76,24.45,28.15,32.01,40.2,150.36,14.59,12.37,7.48,54.61,46.4,14.81,52.525,11.52,3.27,2.7,48.915,41.66,17.515,8.58,16.595,20.065,20.1,7.16,caesar
1145,15672.0,44.0,5.0,female,64.96,147.71,34.0,32.0,36.0,1.0,36-45,6.5,9.37,7.8,20.28,30.2,22.4,12.48,15.94,37.72,31.89,36.69,29.8,6.97,42.8,31.65,17.99,15.79,64.72,23.23,28.5,32.28,40.39,149.91,14.04,13.16,7.95,54.68,45.66,15.73,52.685,12.07,3.46,2.9,48.375,41.415,16.63,8.28,15.93,20.25,20.35,7.8,caesar
1148,15676.0,19.0,0.0,female,70.87,143.3,31.0,34.0,36.0,4.0,17-25,9.5,9.84,7.09,20.35,31.06,23.98,13.27,15.75,39.69,34.65,37.05,32.52,7.56,41.38,32.91,16.22,16.02,69.02,23.19,25.2,30.43,41.93,153.22,14.19,11.44,7.49,57.62,50.21,14.34,56.74,12.405,2.97,2.44,52.045,44.81,19.09,9.505,16.365,21.425,21.91,7.08,caesar
1153,15680.0,21.0,0.0,female,67.32,127.87,30.0,32.0,34.0,1.0,17-25,7.5,9.13,7.48,20.28,29.72,22.24,12.8,14.49,32.52,28.78,31.93,31.18,7.09,39.02,31.5,15.47,14.45,66.73,19.72,24.41,26.77,40.16,121.25,13.35,10.96,7.02,56.33,48.29,12.53,54.18,11.955,2.95,2.405,50.84,42.435,17.265,8.995,17.04,20.565,20.95,7.48,caesar
1157,15686.0,23.0,0.0,female,65.75,119.05,28.0,32.0,34.0,2.0,17-25,8.5,8.66,8.07,20.47,30.39,22.32,12.4,13.27,35.35,29.92,32.72,31.85,7.52,36.38,32.28,14.69,15.83,66.18,19.37,23.82,26.97,40.63,121.7,15.52,10.14,8.34,56.73,49.07,13.72,53.96,11.895,3.055,2.53,51.025,42.465,17.925,9.405,17.975,20.735,21.3,8.07,caesar
1160,15690.0,20.0,0.0,female,62.99,165.35,36.0,30.0,36.0,1.0,17-25,10.5,9.8,7.28,19.88,30.83,23.54,12.6,15.98,41.1,33.27,38.7,31.69,7.52,46.34,33.5,17.52,16.38,65.16,27.76,26.77,38.31,39.45,180.34,14.1,14.23,7.25,56.11,47.86,15.46,55.25,12.1,3.09,2.57,51.31,43.635,18.4,9.385,17.14,21.055,21.485,7.29,caesar
1161,15691.0,20.0,0.0,female,69.29,176.37,31.0,34.0,36.0,3.0,17-25,9.5,9.61,8.31,21.65,32.68,24.37,13.35,17.87,43.11,35.24,40.12,33.94,7.72,43.86,35.08,18.7,17.48,68.66,25.28,24.8,36.61,42.13,175.49,15.09,13.11,8.85,58.14,49.34,15.85,56.83,12.875,2.805,2.435,52.71,44.315,18.59,10.105,18.36,22.25,22.98,8.31,caesar
1189,15730.0,25.0,0.0,female,70.87,169.76,33.0,32.0,36.0,2.0,17-25,9.5,10.04,8.03,21.65,31.97,23.94,13.62,16.34,39.61,32.8,38.39,33.7,7.68,45.35,33.07,16.69,17.09,69.37,26.61,28.03,31.93,42.99,172.84,16.16,12.56,8.37,58.71,49.14,16.91,56.23,12.68,3.445,2.655,51.96,43.77,18.755,9.425,18.285,22.06,22.105,8.03,caesar
1190,15734.0,35.0,4.0,female,64.17,127.87,30.0,32.0,34.0,1.0,26-35,6.5,10.16,7.95,20.35,30.31,22.36,12.4,14.53,34.02,29.96,32.36,30.63,7.36,41.02,30.75,15.75,15.67,64.69,24.06,26.97,27.52,39.92,134.92,14.1,11.83,7.17,54.91,47.21,13.0,52.185,12.14,3.175,2.405,48.58,40.445,17.54,9.56,17.075,20.97,21.7,7.95,caesar
1199,15747.0,46.0,2.0,female,65.75,165.35,33.0,32.0,38.0,1.0,46-55,8.5,9.65,8.07,20.16,29.41,21.34,12.09,15.28,38.27,32.68,36.38,30.75,7.09,43.7,31.5,17.32,15.59,66.26,25.51,28.15,34.17,40.28,168.21,13.85,12.64,7.72,56.25,47.95,14.83,54.595,11.71,3.215,2.825,50.195,43.305,17.515,8.685,15.71,20.065,20.395,8.07,caesar
1207,15757.0,19.0,0.0,female,66.14,136.69,32.0,30.0,34.0,2.0,17-25,8.5,9.29,7.76,21.42,30.71,22.95,13.66,16.73,36.61,29.92,35.28,31.18,7.01,38.66,31.26,17.36,16.42,65.79,22.52,24.61,30.47,40.04,140.21,14.88,11.65,7.41,55.67,46.65,14.02,53.375,11.815,3.17,2.745,49.115,41.82,17.08,9.34,16.675,20.585,21.155,7.76,caesar
1218,15770.0,59.0,2.0,female,64.96,143.3,34.0,30.0,36.0,2.0,56-65,6.5,9.06,8.46,20.71,29.96,21.5,12.24,15.16,37.91,31.77,36.22,28.78,7.17,40.16,29.37,16.18,15.47,64.92,22.01,29.53,31.77,40.35,143.3,14.9,12.21,7.88,54.41,46.26,14.57,51.98,11.275,3.2,2.645,48.57,41.67,16.57,7.83,15.585,19.32,19.105,8.46,caesar
1225,15780.0,21.0,0.0,female,65.75,112.44,34.0,30.0,34.0,2.0,17-25,8.5,9.17,7.24,20.35,30.24,22.99,13.11,13.19,32.44,28.23,31.73,31.06,7.05,35.24,31.97,16.81,14.88,65.98,19.33,21.65,27.05,39.88,111.55,14.25,10.27,7.36,54.94,47.88,12.86,53.645,11.29,3.035,2.685,50.26,42.61,17.91,9.17,16.785,20.12,20.46,7.25,caesar
1238,15799.0,56.0,2.0,female,63.39,112.44,29.0,30.0,34.0,0.0,56-65,7.5,8.98,7.13,19.29,28.94,21.81,12.17,14.06,34.02,31.3,33.98,29.37,7.01,35.98,30.35,16.34,15.31,63.7,19.25,23.7,26.93,38.54,109.79,14.3,10.56,7.04,54.14,45.84,14.47,51.885,11.45,3.045,2.59,48.19,40.79,16.91,8.9,16.115,20.1,20.35,7.13,caesar
1241,15800.0,37.0,2.0,female,70.08,154.32,32.0,34.0,36.0,2.0,36-45,10.5,9.33,8.74,21.93,33.07,24.33,13.19,16.14,39.45,33.07,37.09,32.8,7.8,39.06,33.62,17.13,16.38,69.72,21.34,26.97,32.6,42.48,158.95,14.98,12.28,7.99,59.41,49.15,15.96,56.37,12.225,3.19,2.775,51.695,45.125,18.77,10.075,17.4,21.45,22.3,8.74,caesar
1245,15806.0,42.0,2.0,female,62.99,149.91,33.0,29.0,36.0,3.0,36-45,8.5,9.57,7.64,19.88,29.92,22.28,12.24,17.52,39.21,31.85,36.54,28.74,6.93,41.85,30.08,17.64,17.36,63.11,24.06,26.06,31.42,38.31,147.71,14.55,11.64,8.69,52.69,43.63,15.45,51.24,11.44,3.155,2.63,47.12,40.415,16.96,8.915,16.06,20.02,20.355,7.64,caesar
1247,15808.0,22.0,0.0,female,71.65,152.12,32.0,34.0,34.0,0.0,17-25,9.5,9.72,7.68,22.05,33.07,25.39,14.37,15.67,34.29,30.16,34.8,34.65,7.56,40.91,35.0,19.09,17.2,72.24,22.56,24.41,31.34,43.11,149.91,16.25,10.38,7.09,61.45,53.8,15.47,58.815,12.805,3.28,2.82,55.07,46.15,19.855,10.825,19.67,22.575,23.63,7.68,caesar
1248,15809.0,42.0,2.0,female,69.29,132.28,31.0,34.0,34.0,0.0,36-45,8.5,9.41,8.74,21.18,30.79,22.05,12.44,14.88,35.71,31.26,35.43,31.97,7.52,38.15,32.09,17.17,17.01,69.49,20.63,27.91,27.13,42.72,133.16,15.84,11.16,7.81,58.71,49.7,16.48,56.06,11.45,3.625,2.725,52.485,45.155,19.0,9.715,18.255,20.85,21.165,8.74,caesar
1257,15826.0,36.0,2.0,female,65.75,132.28,29.0,32.0,38.0,2.0,36-45,9.5,9.65,7.56,19.88,30.16,22.6,12.32,14.17,36.97,31.57,35.08,31.3,7.32,38.19,32.4,16.3,16.57,66.46,22.72,23.03,31.93,38.54,137.57,13.96,11.26,7.58,55.93,46.95,15.6,54.105,11.89,3.1,2.495,49.63,43.075,17.745,9.72,16.485,20.675,21.61,7.56,caesar
1262,15830.0,30.0,1.0,female,64.96,132.28,30.0,30.0,36.0,2.0,26-35,6.5,9.02,7.6,20.67,30.31,22.72,13.07,14.65,36.85,32.01,34.72,31.18,7.28,41.5,30.79,15.79,15.75,64.37,23.9,26.38,31.69,40.87,145.73,14.66,12.23,8.24,54.67,46.72,14.64,52.62,12.16,2.855,2.48,48.39,41.26,18.1,8.725,16.375,20.675,20.885,7.59,caesar
1268,15838.0,47.0,0.0,female,64.17,130.07,30.0,30.0,34.0,0.0,46-55,6.5,8.86,6.61,19.88,29.41,22.8,13.27,14.29,36.18,32.13,33.62,30.59,7.17,39.37,31.54,17.76,15.24,64.57,23.11,25.47,27.4,39.88,129.63,13.91,11.61,7.8,54.31,46.92,13.08,52.81,12.395,3.21,2.49,49.645,40.855,17.43,9.13,18.055,20.985,21.525,6.61,caesar
1277,15848.0,60.0,3.0,female,66.14,171.96,36.0,32.0,38.0,1.0,56-65,9.5,9.96,7.91,21.46,31.5,23.58,13.54,18.03,41.26,34.72,43.35,30.87,7.4,45.28,32.4,17.56,17.28,66.18,24.13,28.27,34.8,40.87,175.93,15.14,13.0,8.28,56.39,47.25,16.1,53.785,12.415,3.325,2.57,48.68,42.005,17.795,9.16,16.175,21.35,21.575,7.92,caesar
1279,15851.0,47.0,2.0,female,66.14,154.32,32.0,32.0,36.0,0.0,46-55,9.5,9.61,6.65,19.88,30.51,23.86,13.23,16.02,35.98,30.98,34.57,31.3,7.28,45.71,31.14,16.93,15.35,65.79,26.02,30.16,28.74,41.54,159.61,12.53,11.99,7.52,55.91,47.09,14.2,54.25,12.025,3.175,2.44,49.62,43.47,17.665,9.655,16.765,21.06,21.68,6.65,caesar
1295,15882.0,54.0,2.0,female,69.69,147.71,32.0,32.0,38.0,0.0,46-55,9.5,9.65,7.6,21.06,31.61,24.02,13.46,16.06,36.65,31.61,36.34,32.17,7.52,41.42,33.7,17.95,17.05,66.81,21.3,27.44,32.68,41.89,145.28,15.45,11.99,6.87,56.94,48.53,15.78,54.825,12.235,3.395,2.415,51.38,43.3,18.345,9.695,17.895,21.78,21.93,7.59,caesar
1299,15887.0,28.0,0.0,female,65.75,138.89,32.0,32.0,36.0,3.0,26-35,8.5,9.53,7.28,20.12,30.67,23.39,12.83,14.88,37.91,31.81,35.87,32.87,7.48,41.65,33.54,16.26,16.85,66.26,23.5,25.83,29.84,41.81,141.76,13.86,11.57,8.79,56.79,47.05,14.38,54.325,12.42,2.735,2.605,49.725,42.88,19.225,9.185,16.605,21.56,21.605,7.28,caesar
1303,15890.0,28.0,0.0,female,68.9,145.51,32.0,32.0,34.0,2.0,26-35,9.5,9.29,7.76,21.06,31.3,23.54,13.31,15.71,35.51,30.24,36.14,32.95,7.56,39.61,33.31,17.24,16.18,68.78,22.6,25.47,28.66,42.83,147.49,15.41,11.13,7.66,58.61,49.51,14.97,55.585,12.195,3.42,2.91,51.375,43.9,18.99,9.265,17.02,21.025,21.46,7.76,caesar
1319,15912.0,32.0,1.0,female,67.32,135.58,28.0,32.0,36.0,1.0,26-35,7.5,9.61,7.56,20.28,30.91,23.35,12.72,14.57,37.13,33.11,36.54,31.54,7.48,38.23,32.32,17.24,15.75,67.24,22.64,26.57,26.46,41.85,137.79,14.43,10.42,7.84,56.49,48.95,14.59,54.245,12.0,3.22,2.45,50.625,42.825,17.755,9.81,18.09,21.805,21.81,7.56,caesar
1321,15914.0,23.0,0.0,female,68.11,134.48,29.0,30.0,34.0,1.0,17-25,8.5,9.53,7.52,21.06,30.94,23.43,13.54,14.57,34.41,29.41,33.66,31.22,7.05,38.15,32.68,15.87,16.61,67.09,22.83,25.83,26.69,41.54,132.28,14.8,10.86,7.49,56.76,48.25,14.02,54.83,12.61,2.805,2.35,50.875,42.505,17.695,9.63,17.925,22.085,22.24,7.51,caesar
1324,15918.0,26.0,1.0,female,66.93,145.51,31.0,34.0,34.0,3.0,26-35,8.5,9.57,7.52,20.47,31.89,24.37,12.95,16.54,39.02,30.79,35.24,31.81,7.4,39.88,33.5,16.69,16.3,67.56,22.99,25.24,31.97,41.77,150.36,15.29,11.52,8.05,57.48,48.85,13.54,55.06,11.415,3.005,2.335,51.37,44.14,18.545,10.02,17.055,20.66,21.435,7.52,caesar
1328,15923.0,23.0,0.0,female,64.96,121.25,29.0,32.0,34.0,1.0,17-25,6.5,8.9,7.4,20.59,30.0,22.6,13.19,13.7,34.69,29.88,32.99,29.96,7.2,38.7,31.81,16.46,16.26,64.49,22.99,25.94,26.69,39.88,130.07,14.62,10.83,7.32,54.51,47.96,14.26,52.69,11.12,3.025,2.265,49.2,41.65,17.135,9.435,16.685,20.29,20.555,7.4,caesar
1340,15941.0,32.0,1.0,female,66.14,103.62,28.0,30.0,32.0,1.0,26-35,6.5,8.86,7.05,19.88,29.76,22.72,12.83,14.17,32.2,27.76,31.18,31.97,7.2,36.22,31.65,16.73,15.55,66.26,20.0,26.22,25.75,41.69,111.55,14.62,9.96,6.93,55.41,47.6,14.29,54.21,11.94,2.91,2.295,50.965,44.04,18.04,9.405,17.745,20.895,21.345,7.04,caesar
1347,15950.0,30.0,2.0,female,68.11,143.3,33.0,36.0,34.0,4.0,26-35,9.5,10.04,7.44,20.98,31.81,24.37,13.54,15.28,37.48,31.06,35.35,31.34,7.64,39.8,31.65,16.26,16.93,67.09,22.91,26.77,31.3,41.14,147.71,14.49,11.67,8.19,57.61,46.56,15.42,54.985,12.6,3.32,2.8,50.18,42.675,18.47,9.515,17.23,21.595,22.115,7.44,caesar
1360,15967.0,38.0,3.0,female,70.87,147.71,30.0,36.0,32.0,1.0,36-45,9.5,9.84,7.56,21.34,31.18,23.62,13.78,15.51,35.43,30.94,34.76,33.39,7.6,40.55,33.31,17.09,16.26,70.16,22.36,28.11,28.74,43.5,147.71,14.38,12.03,7.31,60.1,51.1,14.37,57.83,13.3,3.2,2.615,53.69,45.19,18.71,9.545,18.67,22.27,22.845,7.56,caesar
1362,15969.0,40.0,0.0,female,72.44,158.73,31.0,36.0,36.0,1.0,36-45,10.5,9.37,7.83,21.65,32.91,25.08,13.82,17.01,36.69,31.38,36.61,35.31,7.95,40.16,35.71,16.73,16.61,73.07,22.24,27.36,30.59,45.0,149.91,15.88,12.2,7.51,61.09,53.18,14.27,59.22,12.45,3.525,2.84,56.05,46.96,19.9,10.4,20.06,22.82,22.85,7.83,caesar
1376,15987.0,23.0,0.0,female,70.08,154.32,31.0,34.0,36.0,3.0,17-25,8.5,9.61,7.56,21.65,32.28,24.72,14.09,15.55,37.48,31.18,36.06,33.39,7.36,42.09,33.9,17.32,16.93,68.66,23.7,27.36,29.37,42.83,156.09,15.24,10.87,8.06,58.07,50.51,15.16,56.445,12.74,2.905,2.395,51.865,44.155,18.185,10.275,18.14,22.095,23.015,7.56,caesar
1380,15990.0,40.0,0.0,female,62.6,125.66,28.0,28.0,34.0,1.0,36-45,6.5,9.06,7.48,20.28,30.12,22.64,12.8,15.12,37.6,32.13,36.57,28.74,7.05,39.61,29.53,17.72,16.18,61.97,22.91,26.26,28.54,37.99,132.06,15.04,11.73,6.46,52.35,44.09,15.6,49.805,11.62,2.93,2.345,45.79,38.865,16.55,9.06,16.665,20.17,20.68,7.48,caesar
1408,16026.0,24.0,0.0,female,70.87,152.12,32.0,33.0,36.0,1.0,17-25,10.5,9.57,8.58,22.64,33.07,24.49,14.06,15.04,37.17,32.48,35.59,33.5,7.48,41.3,34.17,18.78,17.2,70.67,24.57,22.72,32.32,42.6,155.21,15.42,11.36,7.97,58.51,50.55,16.75,57.565,13.07,3.515,2.735,52.885,44.865,19.365,10.16,18.08,22.505,23.23,8.58,caesar
1413,16036.0,27.0,0.0,female,72.05,143.3,31.0,36.0,38.0,1.0,26-35,10.5,10.24,8.27,22.64,33.54,25.28,14.37,16.42,37.83,32.09,36.5,34.49,7.91,43.35,36.54,17.48,18.39,71.42,24.41,27.36,31.57,44.84,158.07,16.03,12.2,6.86,60.38,51.4,16.88,58.745,13.64,3.43,2.7,53.915,45.255,20.15,10.04,18.875,23.19,23.68,8.26,caesar
1414,16037.0,26.0,0.0,female,68.11,160.94,36.0,32.0,34.0,3.0,26-35,8.5,9.41,7.68,20.28,30.59,22.91,12.6,16.61,38.23,29.41,35.71,30.43,7.09,43.94,31.97,17.13,16.77,66.81,25.67,28.66,29.41,40.47,161.16,15.55,11.34,7.88,55.98,46.95,14.98,53.29,10.805,2.845,2.195,50.205,43.075,17.525,9.21,16.965,19.91,20.015,7.68,caesar
1445,16108.0,29.0,0.0,female,66.93,145.51,31.0,32.0,34.0,1.0,26-35,8.5,9.57,7.48,20.28,30.31,22.83,12.8,14.49,35.35,30.43,33.43,30.87,7.36,40.39,32.09,16.34,16.38,67.68,23.94,22.28,27.87,40.71,149.03,14.93,10.89,7.14,57.2,48.95,13.0,54.515,11.69,3.205,2.675,50.665,42.845,17.76,9.575,17.8,20.695,21.265,7.48,caesar
1474,16170.0,51.0,3.0,female,66.14,138.89,33.0,34.0,32.0,0.0,46-55,7.5,9.13,7.68,21.26,31.1,23.43,13.58,15.83,35.2,30.79,35.51,32.28,7.95,41.14,31.65,16.46,16.61,66.14,23.27,27.05,31.14,41.65,140.21,14.42,12.2,6.99,56.39,47.59,14.74,53.78,12.79,3.26,2.525,49.265,41.475,18.44,9.625,17.91,22.185,22.415,7.67,caesar
1475,16171.0,20.0,0.0,female,68.9,141.1,31.0,34.0,34.0,1.0,17-25,7.5,9.41,7.87,21.26,32.05,24.17,13.39,14.84,34.84,30.47,34.45,34.13,7.52,34.72,33.94,17.05,16.1,68.31,21.93,24.41,29.72,41.89,140.88,13.82,11.22,7.4,57.77,49.68,13.27,56.22,12.99,3.355,2.44,51.955,44.045,19.055,9.76,18.365,22.36,22.75,7.88,caesar
1483,16189.0,32.0,0.0,female,68.9,149.91,33.0,36.0,32.0,3.0,26-35,8.5,9.92,7.87,21.06,31.3,23.43,13.19,14.88,36.77,31.02,35.75,32.6,7.48,42.2,34.25,17.01,16.93,69.33,23.43,28.54,27.99,43.46,149.91,13.79,11.59,6.96,58.53,50.3,15.8,56.74,12.6,3.02,2.535,52.625,45.45,18.815,9.545,18.01,21.8,22.145,7.87,caesar
1499,16228.0,39.0,3.0,female,68.9,141.1,32.0,36.0,34.0,1.0,36-45,11.5,9.76,7.09,21.22,31.5,24.41,14.13,15.98,35.0,30.98,34.41,33.9,7.99,40.0,34.29,18.7,16.1,68.78,22.76,25.24,32.8,42.87,145.06,14.28,11.85,6.78,58.79,49.95,15.0,57.77,13.055,3.235,2.585,52.445,45.465,19.855,9.29,17.36,22.36,22.345,7.09,caesar
1535,16288.0,27.0,0.0,female,67.32,138.89,31.0,34.0,34.0,1.0,26-35,8.5,8.86,7.64,20.08,30.31,22.68,12.44,15.04,35.12,29.92,34.17,32.91,7.36,39.69,34.06,15.24,16.81,67.72,22.68,24.8,28.19,42.44,136.25,14.82,10.93,7.5,58.05,49.48,15.67,55.04,11.965,3.24,2.215,50.96,43.405,18.435,9.305,17.085,21.08,21.27,7.63,caesar
1538,16294.0,20.0,0.0,female,68.5,154.32,31.0,31.0,34.0,2.0,17-25,9.5,9.72,7.95,20.98,31.81,23.86,13.03,15.12,35.24,30.04,34.17,32.64,7.36,38.5,33.07,15.98,16.61,68.5,22.13,25.39,29.37,41.69,148.37,14.81,11.07,8.62,58.77,49.64,13.73,55.66,11.93,2.77,2.365,52.005,44.095,18.475,9.535,17.59,21.305,21.465,7.95,caesar
1559,16337.0,22.0,0.0,female,65.35,132.28,31.0,32.0,34.0,1.0,17-25,5.5,8.78,7.68,20.94,30.51,22.83,13.27,13.9,36.69,29.84,35.2,31.57,6.61,40.71,31.3,16.77,16.77,65.59,24.13,25.79,30.2,40.59,139.11,14.28,11.41,7.96,55.2,47.42,16.05,53.38,12.755,2.725,2.27,49.465,41.545,17.49,8.565,16.845,21.25,21.32,7.68,caesar
1587,16382.0,18.0,0.0,female,66.14,149.91,32.0,32.0,34.0,3.0,17-25,7.5,9.13,7.09,20.2,30.83,23.74,13.11,15.24,39.17,30.91,36.77,31.5,7.56,42.48,33.98,15.47,17.36,65.55,24.09,26.69,31.61,40.94,149.03,13.73,12.83,8.73,56.03,46.3,14.17,53.825,12.545,2.785,2.535,48.96,41.435,18.05,9.57,16.285,21.56,22.115,7.09,caesar
1588,16388.0,24.0,0.0,female,68.9,145.06,32.0,34.0,34.0,1.0,17-25,8.5,9.96,7.99,20.16,30.31,22.32,12.17,13.94,36.3,31.3,35.59,32.05,7.24,41.34,32.44,18.15,17.01,66.89,24.49,29.88,29.09,41.65,145.51,14.51,11.27,8.29,55.7,48.23,15.25,54.43,11.32,3.32,2.305,50.855,43.56,17.99,9.28,16.84,20.475,20.6,7.99,caesar
1590,16391.0,25.0,0.0,female,66.93,121.25,28.0,32.0,32.0,4.0,17-25,7.5,9.49,7.48,20.51,30.08,22.6,13.03,13.39,35.87,28.54,33.9,30.67,7.2,38.15,30.75,15.63,15.63,66.14,22.17,27.64,26.18,40.79,128.09,14.15,10.94,8.11,55.21,46.85,14.35,53.28,12.03,3.06,2.48,49.71,41.655,17.365,8.44,16.88,20.625,20.47,7.48,caesar
1592,16397.0,21.0,0.0,female,66.14,138.89,30.0,30.0,34.0,1.0,17-25,6.5,9.06,6.97,20.08,30.12,23.15,13.11,15.04,33.98,29.96,33.5,31.61,6.97,40.94,31.77,15.83,16.18,66.69,23.78,28.11,28.27,40.91,141.98,13.92,10.5,7.48,56.26,48.83,14.49,54.135,12.285,3.235,2.5,50.285,42.39,17.66,8.6,16.845,21.0,20.885,6.97,caesar
1599,16414.0,33.0,3.0,female,63.78,123.46,29.0,30.0,34.0,1.0,26-35,8.5,9.17,6.69,19.41,29.92,23.23,12.72,14.29,34.13,29.25,32.4,30.47,7.52,37.99,31.57,14.96,15.28,63.74,21.89,23.62,29.45,39.17,118.39,12.59,10.36,6.75,53.79,45.04,14.35,52.145,12.695,3.11,2.29,47.54,40.385,17.39,9.545,17.145,21.365,22.24,6.69,caesar
1601,16425.0,38.0,2.0,female,66.14,127.87,28.0,34.0,34.0,2.0,36-45,8.5,8.82,7.44,20.28,30.39,22.95,12.83,14.13,34.53,29.49,34.21,31.69,7.4,36.73,33.58,15.94,16.93,66.69,20.71,26.77,28.23,42.17,125.22,14.8,10.27,7.82,56.79,49.01,14.08,54.69,11.93,3.22,2.72,51.135,43.305,18.28,9.4,17.445,20.93,21.33,7.44,caesar
1603,16431.0,23.0,0.0,female,67.32,130.07,29.0,32.0,34.0,1.0,17-25,8.5,9.13,7.09,19.69,30.2,23.11,12.6,14.61,34.21,29.96,33.82,31.61,7.01,37.76,33.54,15.71,16.14,67.87,22.13,24.53,29.69,41.18,131.62,13.89,10.72,7.85,57.61,50.44,14.13,55.855,12.34,3.03,2.545,51.895,44.29,18.38,9.17,17.58,21.525,21.51,7.09,caesar
1611,16445.0,47.0,3.0,female,65.75,125.66,28.0,32.0,34.0,3.0,46-55,7.5,9.53,7.72,19.49,29.17,21.46,11.77,13.82,36.69,31.97,35.47,29.61,6.69,38.74,30.67,16.69,16.22,64.53,22.99,25.28,27.01,39.69,133.82,14.02,11.38,8.19,54.05,44.61,14.29,51.68,11.55,2.975,2.85,47.68,41.06,17.42,8.375,15.83,20.025,19.925,7.71,caesar
1624,16465.0,35.0,2.0,female,62.2,132.28,31.0,30.0,36.0,2.0,26-35,6.5,8.82,7.4,20.28,29.29,21.89,12.87,14.57,36.22,28.19,33.27,29.02,6.89,40.2,32.17,16.42,16.1,62.32,23.66,28.54,28.5,39.92,130.51,13.94,12.22,7.72,53.2,44.16,13.74,51.27,12.445,2.895,2.62,46.945,39.66,16.86,8.41,16.325,20.2,20.855,7.4,caesar
1646,16505.0,45.0,2.0,female,66.14,132.28,31.0,30.0,34.0,3.0,36-45,7.5,8.9,7.95,20.71,30.91,22.95,12.76,15.12,37.44,29.84,35.16,31.57,7.17,37.4,32.24,16.81,16.5,65.67,20.75,25.2,33.15,39.96,134.26,15.34,11.61,8.34,55.73,46.43,16.01,52.865,11.995,3.055,2.24,49.105,41.58,18.27,9.465,17.7,21.36,21.46,7.96,caesar
1650,16512.0,57.0,2.0,female,64.57,138.89,32.0,32.0,34.0,4.0,56-65,5.5,9.09,8.03,20.67,30.08,22.05,12.64,17.13,38.39,30.87,37.76,29.69,6.89,40.67,29.17,16.93,16.65,63.46,23.46,27.76,30.55,39.25,144.84,13.9,11.52,8.33,53.74,43.55,15.14,51.03,11.365,3.025,2.42,46.735,40.045,16.875,8.555,15.5,19.525,19.92,8.03,caesar
1655,16524.0,31.0,0.0,female,70.87,147.71,30.0,36.0,34.0,1.0,26-35,8.5,10.59,7.56,21.22,31.18,23.62,13.66,15.35,36.06,31.57,34.49,33.9,7.2,40.0,34.57,16.46,16.57,69.76,23.74,25.28,30.04,42.44,146.39,14.53,11.41,8.45,58.76,50.71,15.26,56.5,13.125,3.12,2.64,52.64,44.335,19.13,9.475,18.535,22.13,22.6,7.56,caesar
1659,16533.0,24.0,0.0,female,66.14,121.25,28.0,30.0,34.0,1.0,17-25,6.5,8.74,6.85,18.9,27.76,20.91,12.05,14.29,33.94,29.69,32.2,29.02,6.85,38.19,32.05,16.18,15.83,63.74,21.93,23.46,29.41,37.8,122.8,13.15,11.14,7.22,53.46,46.74,12.86,52.035,11.75,2.895,2.375,47.87,41.08,16.79,8.255,15.495,19.985,20.005,6.85,caesar
1661,16535.0,25.0,0.0,female,66.93,143.3,31.0,32.0,34.0,1.0,17-25,7.5,9.61,7.87,21.26,31.26,23.39,13.39,14.61,36.1,31.02,34.25,32.05,7.17,41.5,32.44,16.57,16.65,67.05,23.15,25.39,28.82,40.75,141.54,14.6,11.07,7.85,56.8,48.19,13.81,54.015,11.965,3.165,2.49,50.26,42.93,18.12,9.275,17.24,20.8,21.24,7.87,caesar
1672,16554.0,30.0,0.0,female,66.54,125.66,30.0,34.0,32.0,1.0,26-35,6.5,9.21,7.44,20.75,31.38,23.94,13.31,15.43,34.06,28.5,33.86,31.89,7.4,37.64,33.03,16.38,15.31,65.59,20.71,25.39,27.17,41.1,125.22,13.7,10.26,7.37,55.19,47.97,12.88,53.695,12.12,2.86,2.43,50.165,42.405,18.075,9.535,17.79,21.53,21.655,7.44,caesar
1681,16566.0,45.0,1.0,female,68.9,149.91,32.0,36.0,36.0,0.0,36-45,10.5,9.76,8.66,21.65,32.09,23.43,12.99,15.24,37.6,32.72,36.26,33.23,7.56,37.95,35.67,16.81,17.32,69.8,21.18,27.4,30.94,44.17,149.47,15.15,12.11,8.43,59.66,50.1,15.56,57.405,13.185,3.68,3.02,52.435,44.64,19.505,9.675,17.6,22.56,22.86,8.66,caesar
1682,16567.0,40.0,3.0,female,69.29,165.35,34.0,36.0,36.0,1.0,36-45,10.5,9.45,8.35,22.05,32.87,24.53,13.7,15.63,36.54,33.07,36.14,33.5,7.64,43.5,33.07,16.14,17.32,68.9,24.06,27.8,30.87,42.83,158.73,14.9,12.49,7.61,59.4,50.55,15.23,56.74,13.445,3.36,2.87,52.635,43.9,18.875,9.755,18.305,22.79,23.2,8.34,caesar
1687,16571.0,20.0,0.0,female,71.26,149.91,30.0,34.0,34.0,2.0,17-25,11.5,10.08,7.87,21.73,32.09,24.21,13.86,15.59,37.09,31.65,36.18,34.09,7.64,40.04,33.78,17.87,17.44,70.39,22.44,29.13,31.69,40.16,145.51,15.67,11.22,7.57,59.48,50.7,15.38,56.795,12.98,3.1,2.495,52.85,44.38,19.56,9.845,18.365,22.585,22.825,7.88,caesar
1690,16578.0,26.0,0.0,female,66.14,154.32,31.0,32.0,34.0,1.0,26-35,8.5,9.25,8.07,20.31,30.12,22.05,12.24,16.61,37.2,30.83,34.53,31.57,7.17,42.76,32.36,17.32,16.77,66.54,26.1,28.11,29.02,41.57,162.92,13.63,11.96,8.45,56.47,47.63,12.82,55.18,11.305,3.265,2.62,50.94,44.815,17.915,8.805,15.765,20.18,20.11,8.07,caesar
1691,16579.0,25.0,0.0,female,63.39,127.87,32.0,30.0,32.0,3.0,17-25,7.5,9.09,7.8,20.28,29.41,21.61,12.48,14.17,34.25,27.83,32.99,29.49,6.97,39.37,30.75,16.46,17.32,63.74,21.26,26.77,27.36,40.2,126.55,13.72,10.73,7.85,53.55,44.94,14.34,51.82,11.905,2.94,2.31,47.915,40.75,16.81,8.41,16.0,20.13,20.315,7.8,caesar
1695,16582.0,37.0,2.0,female,68.5,171.96,33.0,33.0,32.0,1.0,36-45,8.5,9.96,7.48,21.46,32.32,24.84,13.98,16.02,37.68,33.27,37.83,33.19,7.6,43.94,34.29,16.54,16.81,67.83,27.17,29.13,30.98,43.74,174.83,14.48,11.78,7.99,57.98,49.07,15.7,55.695,12.795,3.405,2.915,51.1,43.92,18.77,10.15,18.23,22.835,22.945,7.48,caesar
1700,16588.0,22.0,0.0,female,70.08,132.28,30.0,34.0,36.0,1.0,17-25,9.5,9.84,7.72,21.26,31.61,23.9,13.54,14.57,35.91,30.16,35.04,34.37,7.68,38.03,34.96,16.3,15.79,69.57,21.42,26.22,28.54,44.25,134.26,15.1,12.04,7.33,58.52,51.27,13.71,56.03,12.32,3.155,2.555,52.485,44.01,19.56,9.74,18.185,21.73,22.06,7.71,caesar
1708,16596.0,23.0,0.0,female,62.99,121.25,29.0,30.0,34.0,2.0,17-25,7.5,9.09,7.48,19.37,29.53,22.05,11.89,14.33,36.81,30.67,33.66,30.94,6.81,38.15,32.13,16.02,16.02,63.5,21.46,23.39,29.88,39.65,125.66,12.91,11.05,8.23,53.39,44.32,13.97,51.53,11.935,2.615,2.365,47.87,40.275,17.315,8.885,16.795,21.01,20.82,7.48,caesar
1716,16608.0,31.0,3.0,female,66.14,121.25,32.0,30.0,34.0,1.0,26-35,5.5,9.13,7.52,20.67,30.94,23.43,13.15,16.5,33.74,29.49,33.23,31.77,6.89,37.48,32.56,16.85,15.67,64.72,21.57,25.39,26.42,41.18,124.34,13.32,11.38,7.11,54.95,46.2,13.12,53.36,12.145,3.21,2.635,48.445,41.345,18.045,9.43,16.45,20.865,21.575,7.51,caesar
1717,16609.0,23.0,0.0,female,64.57,127.87,29.0,30.0,32.0,1.0,17-25,7.5,9.69,7.13,19.69,29.33,22.2,12.56,14.61,34.17,30.35,33.23,29.92,7.09,38.31,30.55,15.28,16.42,64.61,22.83,24.25,26.61,39.92,123.9,13.52,10.75,7.09,54.59,46.72,13.4,52.39,12.0,3.005,2.335,48.39,41.315,17.085,8.775,16.325,20.55,20.775,7.13,caesar
1733,16630.0,22.0,0.0,female,66.14,143.3,32.0,30.0,32.0,1.0,17-25,9.5,9.61,7.95,19.96,29.72,21.77,12.01,15.87,35.71,30.35,35.91,31.85,7.72,42.09,31.54,15.47,17.76,67.48,25.0,28.19,29.41,41.5,146.17,14.62,11.4,7.8,57.43,47.59,15.15,54.67,11.425,2.91,2.325,50.115,43.895,17.8,8.66,15.89,19.725,20.085,7.95,caesar
1743,16642.0,43.0,3.0,female,64.96,130.07,29.0,32.0,36.0,0.0,36-45,9.5,9.92,7.76,21.06,31.57,23.82,13.31,15.31,36.54,32.52,35.12,31.89,7.36,38.9,32.8,16.54,16.65,65.67,21.22,26.5,28.74,40.91,130.07,14.35,10.92,7.99,55.89,47.78,14.71,53.545,12.315,2.895,2.39,49.32,41.985,17.77,9.345,17.185,21.475,21.66,7.75,caesar
1748,16648.0,19.0,0.0,female,67.32,134.48,28.0,30.0,34.0,1.0,17-25,8.5,9.72,7.52,20.67,30.71,23.19,13.15,14.84,34.49,30.39,33.27,32.72,7.2,37.4,33.23,16.26,15.79,67.28,20.63,24.61,26.57,41.81,128.75,13.78,10.69,6.73,57.01,48.93,14.54,55.615,12.425,3.16,2.265,51.475,44.08,18.645,8.865,16.96,20.945,21.29,7.52,caesar
1752,16651.0,25.0,0.0,female,66.93,147.71,32.0,32.0,32.0,3.0,17-25,9.5,9.53,7.52,21.18,32.56,25.04,13.66,15.2,38.78,30.67,36.3,32.28,7.52,41.22,32.8,17.13,16.3,67.05,24.02,25.67,33.07,41.38,155.65,14.56,12.62,8.93,57.39,48.95,14.08,55.15,12.635,3.045,2.54,51.175,43.05,18.615,9.925,17.63,21.785,22.56,7.52,caesar
1755,16654.0,26.0,0.0,female,66.54,143.3,30.0,30.0,36.0,2.0,26-35,7.5,9.49,7.4,20.47,30.35,22.95,13.07,15.43,37.76,29.96,35.08,30.39,6.69,40.75,31.81,16.57,16.46,65.28,23.5,25.2,30.83,39.57,142.42,13.27,11.21,8.67,55.16,45.72,14.57,53.125,12.225,2.955,2.345,49.18,41.595,17.725,9.385,17.28,21.295,21.61,7.4,caesar
1768,16668.0,29.0,0.0,female,67.72,138.89,32.0,30.0,36.0,1.0,26-35,8.5,9.72,7.32,20.59,31.14,23.82,13.27,15.04,36.06,31.69,35.12,32.6,7.48,40.24,32.68,16.93,16.42,67.64,23.54,25.67,27.68,41.73,139.99,14.17,10.83,8.16,56.24,48.91,14.94,55.23,12.345,3.47,2.795,51.435,43.64,18.375,10.01,18.295,21.7,22.355,7.32,caesar
1772,16672.0,27.0,0.0,female,66.14,127.87,29.0,32.0,34.0,0.0,26-35,7.5,10.24,7.8,20.71,30.47,22.68,12.91,13.94,33.78,29.8,33.39,29.8,7.2,39.21,30.31,16.54,16.26,65.2,22.24,25.59,25.98,39.41,126.77,14.64,9.29,6.78,54.8,46.64,13.76,52.28,11.78,2.97,2.67,48.295,40.85,17.275,8.59,16.22,20.005,20.37,7.79,caesar
1773,16673.0,29.0,0.0,female,69.29,152.12,32.0,36.0,34.0,3.0,26-35,8.5,9.72,7.99,21.77,32.6,24.61,13.78,14.92,38.46,31.46,36.02,33.43,7.68,40.71,34.92,18.39,17.2,69.41,23.54,26.18,30.87,43.11,157.41,14.8,11.41,8.24,58.21,48.4,14.95,56.995,13.06,3.3,2.64,52.66,44.545,18.995,9.89,18.555,22.71,22.95,7.99,caesar
1779,16679.0,22.0,0.0,female,70.87,165.35,33.0,36.0,34.0,2.0,17-25,8.5,9.29,8.31,22.36,33.31,25.0,14.06,14.96,36.65,31.18,34.84,33.7,7.72,45.63,33.43,17.44,17.6,69.92,26.77,26.65,31.93,42.83,164.24,13.7,11.57,7.92,58.34,50.84,15.1,57.175,13.71,3.055,2.715,53.015,44.555,18.97,9.1,18.155,22.845,22.81,8.31,caesar
1781,16680.0,24.0,0.0,female,69.69,143.3,30.0,34.0,34.0,1.0,17-25,8.5,9.96,7.48,20.94,31.3,23.82,13.46,14.13,34.88,29.37,33.82,34.21,7.48,40.91,35.12,16.77,16.42,70.55,23.62,23.43,32.68,42.4,146.83,14.16,11.81,7.21,59.89,50.83,14.26,57.855,12.94,3.215,2.385,53.38,45.685,19.33,9.605,17.925,21.88,22.545,7.48,caesar
1782,16681.0,23.0,0.0,female,65.35,144.4,32.0,30.0,36.0,1.0,17-25,8.5,9.72,7.56,19.69,28.98,21.42,12.13,15.16,36.38,31.54,35.28,30.2,7.48,40.83,31.26,16.61,16.61,65.43,22.87,23.66,32.64,38.98,144.62,13.34,11.85,6.99,55.28,47.07,14.28,53.805,11.45,3.33,2.49,49.36,43.635,17.38,8.675,15.615,20.325,20.125,7.56,caesar
1788,16687.0,20.0,0.0,female,66.54,121.25,29.0,32.0,34.0,0.0,17-25,8.5,9.29,7.09,19.57,29.61,22.52,12.48,14.33,34.29,29.21,32.83,32.28,7.24,36.81,32.95,15.43,15.35,65.43,21.26,22.8,28.86,39.72,112.44,13.71,10.12,6.76,55.83,48.28,13.87,53.955,11.96,3.105,2.495,50.525,42.52,18.16,9.33,17.895,20.905,21.29,7.09,caesar
1803,16705.0,21.0,0.0,female,66.93,123.46,30.0,32.0,34.0,1.0,17-25,8.5,9.13,8.43,20.67,30.63,22.2,12.24,13.9,34.72,28.94,33.94,30.28,7.09,36.61,30.12,16.02,16.06,66.57,20.28,25.59,26.89,40.28,121.25,14.58,10.91,7.45,57.1,48.59,13.93,54.125,11.4,3.195,2.315,50.8,43.15,17.41,8.89,16.945,19.8,20.29,8.43,caesar
1806,16708.0,29.0,0.0,female,68.9,176.37,34.0,34.0,36.0,2.0,26-35,10.5,10.2,8.03,22.13,32.52,24.49,14.09,17.91,39.33,34.06,39.13,32.8,7.28,44.72,33.46,17.28,18.7,69.92,25.67,29.53,30.55,42.91,171.96,15.05,12.82,6.71,58.81,49.82,16.18,57.475,13.05,3.19,2.91,51.955,44.865,18.775,9.505,16.61,22.265,22.555,8.03,caesar
1818,16721.0,24.0,0.0,female,68.9,121.25,28.0,34.0,34.0,1.0,17-25,8.5,8.9,7.76,21.06,31.89,24.13,13.31,13.7,33.35,29.65,33.43,32.48,7.09,36.93,33.46,16.3,15.98,68.7,21.22,27.01,25.51,43.07,119.71,14.69,10.62,7.58,57.77,49.57,14.81,55.835,12.835,3.08,2.25,51.63,43.785,18.575,9.34,18.015,21.89,22.175,7.76,caesar
1821,16724.0,22.0,0.0,female,62.99,125.66,30.0,30.0,34.0,1.0,17-25,5.5,9.06,7.8,20.47,30.0,22.2,12.68,14.72,35.98,30.31,34.76,28.9,6.38,40.35,29.61,16.97,16.65,63.43,23.27,25.67,28.62,38.35,131.84,14.85,11.67,7.98,52.87,44.86,14.18,50.29,11.235,3.175,2.925,46.655,39.63,17.03,8.44,15.845,19.42,19.675,7.8,caesar
1822,16725.0,21.0,0.0,female,66.54,141.1,30.0,32.0,34.0,3.0,17-25,9.5,10.08,8.07,20.55,30.67,22.6,12.48,15.71,39.29,32.17,36.42,31.5,7.56,39.37,32.64,16.65,17.99,65.98,22.68,23.15,33.19,39.76,143.52,14.22,12.23,8.03,56.21,47.37,16.96,54.74,12.22,3.21,2.65,49.98,43.585,18.52,9.23,16.415,21.355,21.45,8.07,caesar
1829,16733.0,28.0,0.0,female,66.93,127.87,29.0,32.0,34.0,1.0,26-35,7.5,8.98,7.91,20.31,29.8,21.89,12.4,15.08,34.69,29.17,33.74,31.34,7.4,36.89,32.95,16.1,16.46,66.77,22.4,25.79,28.11,40.16,130.95,14.41,10.7,7.48,56.55,48.45,13.39,54.1,11.415,3.47,3.12,49.825,43.01,18.535,9.255,16.24,20.53,20.67,7.91,caesar
1830,16734.0,29.0,0.0,female,67.32,132.28,28.0,31.0,34.0,2.0,26-35,8.5,9.8,7.28,20.08,30.16,22.87,12.8,14.72,36.18,29.41,34.65,30.98,7.32,39.96,30.63,16.02,16.5,67.28,22.83,26.65,26.3,40.43,134.48,14.42,10.92,8.82,56.99,47.87,14.49,54.865,12.145,3.175,2.81,50.3,43.06,18.3,9.375,16.785,21.165,21.52,7.29,caesar
1837,16740.0,26.0,0.0,female,69.29,143.3,30.0,32.0,34.0,2.0,26-35,6.5,9.65,7.68,20.67,30.51,22.83,12.99,15.08,37.17,31.38,35.31,31.42,7.17,40.35,32.87,16.1,17.32,68.31,23.5,27.76,27.36,41.81,139.99,14.42,11.06,8.36,57.49,49.13,14.12,55.67,12.325,2.93,2.385,51.375,43.56,18.095,9.585,17.52,21.05,21.91,7.68,caesar
1843,16754.0,20.0,0.0,female,62.6,108.03,28.0,30.0,34.0,1.0,17-25,7.5,8.9,7.36,19.41,29.61,22.24,12.05,13.43,33.07,28.62,32.52,28.46,6.85,37.76,29.84,15.59,15.39,63.5,20.87,23.62,25.63,38.62,110.23,13.78,10.29,6.06,53.36,45.7,14.65,51.26,11.065,3.0,2.61,47.97,40.885,16.61,9.185,16.88,19.835,20.25,7.37,caesar
1859,16778.0,27.0,0.0,female,66.54,132.28,30.0,32.0,34.0,3.0,26-35,6.5,9.25,7.28,20.08,29.61,22.32,12.8,14.96,37.17,29.65,34.21,31.34,7.01,39.45,32.17,15.59,16.69,66.02,22.17,27.24,28.82,40.28,132.94,13.89,11.18,8.21,55.65,47.76,15.11,54.085,11.845,3.18,2.61,49.845,43.16,17.68,8.95,16.53,20.46,20.795,7.29,caesar
1882,16818.0,22.0,0.0,female,66.14,152.12,30.0,32.0,36.0,4.0,17-25,10.5,10.16,7.17,19.88,30.0,22.83,12.72,15.43,40.04,31.54,35.87,31.73,7.6,41.57,33.23,16.34,17.05,65.71,24.69,22.95,36.5,39.06,158.73,14.19,12.44,8.1,55.43,47.57,17.06,53.75,12.005,3.23,2.61,49.97,42.33,18.175,9.975,17.63,21.25,21.98,7.17,caesar
1884,16822.0,23.0,0.0,female,70.47,119.05,28.0,34.0,32.0,1.0,17-25,8.5,9.41,7.95,20.39,31.22,23.27,12.44,14.13,33.11,29.49,33.62,33.94,7.76,36.61,34.76,15.94,16.65,69.45,20.59,23.07,28.35,41.81,119.27,15.52,10.36,6.03,58.46,50.68,14.73,55.915,12.315,3.105,2.605,51.7,43.78,19.04,9.74,17.56,21.855,22.055,7.95,caesar
1887,16827.0,21.0,0.0,female,66.93,167.55,31.0,32.0,34.0,3.0,17-25,7.5,9.06,7.28,20.28,30.71,23.43,12.99,16.89,40.63,32.76,38.07,30.98,7.32,43.46,32.44,16.54,17.83,66.54,24.02,26.38,33.35,41.06,160.72,14.14,12.91,8.31,56.97,47.78,15.39,54.94,12.145,3.175,2.7,50.175,43.58,18.1,9.2,15.625,20.995,21.345,7.28,caesar
1910,16868.0,26.0,1.0,female,62.6,108.03,28.0,28.0,32.0,0.0,26-35,5.5,8.5,7.2,18.5,27.95,20.75,11.3,13.39,32.24,27.4,31.3,28.27,7.32,37.72,29.45,15.67,15.12,62.17,19.72,23.39,24.72,37.52,104.5,13.16,10.03,6.62,51.21,44.12,12.68,49.575,10.895,2.97,2.385,46.52,39.145,16.69,8.785,16.405,19.28,19.68,7.2,caesar
1921,16890.0,23.0,0.0,female,66.14,130.07,30.0,32.0,36.0,1.0,17-25,8.5,9.21,7.91,20.39,30.28,22.36,12.48,14.45,36.22,30.87,34.92,31.3,7.2,38.46,32.24,16.26,16.57,66.02,21.57,26.57,29.45,40.67,130.73,15.11,11.79,7.99,55.59,47.64,14.37,53.905,11.66,3.165,2.475,49.535,42.825,18.02,9.885,16.895,20.82,21.545,7.92,caesar
1956,16997.0,25.0,0.0,female,72.05,160.94,32.0,36.0,36.0,1.0,17-25,11.5,10.63,8.07,22.64,33.54,25.47,14.57,16.65,37.24,32.24,35.51,35.39,7.68,43.39,36.77,16.65,18.07,72.24,24.37,25.2,32.99,43.03,168.43,15.78,12.11,7.92,61.16,52.8,15.38,58.92,13.675,3.43,2.57,54.0,45.73,19.875,10.42,18.685,23.695,24.095,8.07,caesar
1963,17017.0,21.0,0.0,female,70.67,180.78,32.0,32.0,36.0,2.0,17-25,9.5,10.31,8.07,22.2,32.17,24.09,14.13,15.2,37.68,31.14,35.63,34.02,7.32,44.09,34.13,17.17,16.97,71.38,24.41,27.17,35.12,43.5,176.37,15.13,13.17,7.77,60.64,50.81,14.7,58.225,12.965,3.155,2.68,53.21,45.3,19.215,10.045,17.875,22.275,23.01,8.08,caesar
